Workbook

Sheet Sheet1
A1: {=IF(_xlfn.UNIQUE(_xlfn._xlws.FILTER(CONCATENATE(RAW_DATA!A:A,RAW_DATA!B:B,RAW_DATA!C:C),1))<>"",_xlfn.UNIQUE(_xlfn._xlws.FILTER(CONCATENATE(RAW_DATA!A:A,RAW_DATA!B:B,RAW_DATA!C:C),1)),NA())} -> SubjectIDStudy_NameMovement | B1: Horizontal N | C1: Vertical N | D1: Pupil N | E1: =RAW_DATA!X1 -> Binocular_Gain_Horizontal | F1: =RAW_DATA!Y1 -> Binocular_Gain_Vertical | G1: =RAW_DATA!Z1 -> Binocular_Gain_Pupil | H1: Horizontal Blink In Transient Average | I1: Vertical Blink In Transient Average | J1: Pupil Blink In Transient Average | K1: Horizontal Blink Count Average | L1: Vertical Blink Count Average | M1: Pupil Blink Count Average | N1: =RAW_DATA!G1 -> Binocular_RSI | O1: =RAW_DATA!H1 -> Binocular_REI | P1: =RAW_DATA!I1 -> Binocular_RA | Q1: =RAW_DATA!J1 -> Binocular_PVI | R1: =RAW_DATA!K1 -> Binocular_PV | S1: =RAW_DATA!L1 -> Binocular_FA | T1: =RAW_DATA!M1 -> Binocular_RSID | U1: =RAW_DATA!N1 -> Binocular_REID | ... Z1: =RAW_DATA!S1 -> Binocular_ID
A2: Control1AXNPPCSBattery4_8_CONV_STEP | B2: {=IF(ISERR(SUM(_xlfn._xlws.FILTER(RAW_DATA!$T:$T,EXACT(_xlfn._xlws.FILTER(CONCATENATE(RAW_DATA!$A:$A,RAW_DATA!$B:$B,RAW_DATA!$C:$C),1),$A2)))),"",SUM(_xlfn._xlws.FILTER(RAW_DATA!$T:$T,EXACT(_xlfn._xlws.FILTER(CONCATENATE(RAW_DATA!$A:$A,RAW_DATA!$B:$B,RAW_DATA!$C:$C),1),$A2))))} -> 0 | C2: {=IF(ISERR(SUM(_xlfn._xlws.FILTER(RAW_DATA!$U:$U,EXACT(_xlfn._xlws.FILTER(CONCATENATE(RAW_DATA!$A:$A,RAW_DATA!$B:$B,RAW_DATA!$C:$C),1),$A2)))),"",SUM(_xlfn._xlws.FILTER(RAW_DATA!$U:$U,EXACT(_xlfn._xlws.FILTER(CONCATENATE(RAW_DATA!$A:$A,RAW_DATA!$B:$B,RAW_DATA!$C:$C),1),$A2))))} -> 0 | D2: {=IF(ISERR(SUM(_xlfn._xlws.FILTER(RAW_DATA!$V:$V,EXACT(_xlfn._xlws.FILTER(CONCATENATE(RAW_DATA!$A:$A,RAW_DATA!$B:$B,RAW_DATA!$C:$C),1),$A2)))),"",SUM(_xlfn._xlws.FILTER(RAW_DATA!$V:$V,EXACT(_xlfn._xlws.FILTER(CONCATENATE(RAW_DATA!$A:$A,RAW_DATA!$B:$B,RAW_DATA!$C:$C),1),$A2))))} -> 10 | E2: {=IF(ISERR(SUM(_xlfn._xlws.FILTER(RAW_DATA!$X:$X,EXACT(_xlfn._xlws.FILTER(CONCATENATE(RAW_DATA!$A:$A,RAW_DATA!$B:$B,RAW_DATA!$C:$C),1),$A2)*(RAW_DATA!$T:$T=1)))/$B2),"",SUM(_xlfn._xlws.FILTER(RAW_DATA!$X:$X,EXACT(_xlfn._xlws.FILTER(CONCATENATE(RAW_DATA!$A:$A,RAW_DATA!$B:$B,RAW_DATA!$C:$C),1),$A2)*(RAW_DATA!$T:$T=1)))/$B2)} | F2: {=IF(ISERR(SUM(_xlfn._xlws.FILTER(RAW_DATA!$Y:$Y,EXACT(_xlfn._xlws.FILTER(CONCATENATE(RAW_DATA!$A:$A,RAW_DATA!$B:$B,RAW_DATA!$C:$C),1),$A2)*(RAW_DATA!$U:$U=1)))/$C2),"",SUM(_xlfn._xlws.FILTER(RAW_DATA!$Y:$Y,EXACT(_xlfn._xlws.FILTER(CONCATENATE(RAW_DATA!$A:$A,RAW_DATA!$B:$B,RAW_DATA!$C:$C),1),$A2)*(RAW_DATA!$U:$U=1)))/$C2)} | G2: {=IF(ISERR(SUM(_xlfn._xlws.FILTER(RAW_DATA!$Z:$Z,EXACT(_xlfn._xlws.FILTER(CONCATENATE(RAW_DATA!$A:$A,RAW_DATA!$B:$B,RAW_DATA!$C:$C),1),$A2)*(RAW_DATA!$V:$V=1)))/$D2),"",SUM(_xlfn._xlws.FILTER(RAW_DATA!$Z:$Z,EXACT(_xlfn._xlws.FILTER(CONCATENATE(RAW_DATA!$A:$A,RAW_DATA!$B:$B,RAW_DATA!$C:$C),1),$A2)*(RAW_DATA!$V:$V=1)))/$D2)} -> 20.1925 | H2: {=IF(ISERR(SUM(_xlfn._xlws.FILTER(RAW_DATA!$E:$E,EXACT(_xlfn._xlws.FILTER(CONCATENATE(RAW_DATA!$A:$A,RAW_DATA!$B:$B,RAW_DATA!$C:$C),1),$A2)*(RAW_DATA!T:T=1)))/$B2),"",SUM(_xlfn._xlws.FILTER(RAW_DATA!$E:$E,EXACT(_xlfn._xlws.FILTER(CONCATENATE(RAW_DATA!$A:$A,RAW_DATA!$B:$B,RAW_DATA!$C:$C),1),$A2)*(RAW_DATA!T:T=1)))/$B2)} | I2: {=IF(ISERR(SUM(_xlfn._xlws.FILTER(RAW_DATA!$E:$E,EXACT(_xlfn._xlws.FILTER(CONCATENATE(RAW_DATA!$A:$A,RAW_DATA!$B:$B,RAW_DATA!$C:$C),1),$A2)*(RAW_DATA!U:U=1)))/$C2),"",SUM(_xlfn._xlws.FILTER(RAW_DATA!$E:$E,EXACT(_xlfn._xlws.FILTER(CONCATENATE(RAW_DATA!$A:$A,RAW_DATA!$B:$B,RAW_DATA!$C:$C),1),$A2)*(RAW_DATA!U:U=1)))/$C2)} | J2: {=IF(ISERR(SUM(_xlfn._xlws.FILTER(RAW_DATA!$E:$E,EXACT(_xlfn._xlws.FILTER(CONCATENATE(RAW_DATA!$A:$A,RAW_DATA!$B:$B,RAW_DATA!$C:$C),1),$A2)*(RAW_DATA!V:V=1)))/$D2),"",SUM(_xlfn._xlws.FILTER(RAW_DATA!$E:$E,EXACT(_xlfn._xlws.FILTER(CONCATENATE(RAW_DATA!$A:$A,RAW_DATA!$B:$B,RAW_DATA!$C:$C),1),$A2)*(RAW_DATA!V:V=1)))/$D2)} -> 0 | K2: {=IF(ISERR(SUM(_xlfn._xlws.FILTER(RAW_DATA!$F:$F,EXACT(_xlfn._xlws.FILTER(CONCATENATE(RAW_DATA!$A:$A,RAW_DATA!$B:$B,RAW_DATA!$C:$C),1),$A2)*(RAW_DATA!T:T=1)))/$B2),"",SUM(_xlfn._xlws.FILTER(RAW_DATA!$F:$F,EXACT(_xlfn._xlws.FILTER(CONCATENATE(RAW_DATA!$A:$A,RAW_DATA!$B:$B,RAW_DATA!$C:$C),1),$A2)*(RAW_DATA!T:T=1)))/$B2)} | L2: {=IF(ISERR(SUM(_xlfn._xlws.FILTER(RAW_DATA!$F:$F,EXACT(_xlfn._xlws.FILTER(CONCATENATE(RAW_DATA!$A:$A,RAW_DATA!$B:$B,RAW_DATA!$C:$C),1),$A2)*(RAW_DATA!U:U=1)))/$C2),"",SUM(_xlfn._xlws.FILTER(RAW_DATA!$F:$F,EXACT(_xlfn._xlws.FILTER(CONCATENATE(RAW_DATA!$A:$A,RAW_DATA!$B:$B,RAW_DATA!$C:$C),1),$A2)*(RAW_DATA!U:U=1)))/$C2)} | M2: {=IF(ISERR(SUM(_xlfn._xlws.FILTER(RAW_DATA!$F:$F,EXACT(_xlfn._xlws.FILTER(CONCATENATE(RAW_DATA!$A:$A,RAW_DATA!$B:$B,RAW_DATA!$C:$C),1),$A2)*(RAW_DATA!V:V=1)))/$D2),"",SUM(_xlfn._xlws.FILTER(RAW_DATA!$F:$F,EXACT(_xlfn._xlws.FILTER(CONCATENATE(RAW_DATA!$A:$A,RAW_DATA!$B:$B,RAW_DATA!$C:$C),1),$A2)*(RAW_DATA!V:V=1)))/$D2)} -> 0 | N2: {=IF(ISERR(SUM(_xlfn._xlws.FILTER(RAW_DATA!G:G,EXACT(_xlfn._xlws.FILTER(CONCATENATE(RAW_DATA!$A:$A,RAW_DATA!$B:$B,RAW_DATA!$C:$C),1),$A2)*(RAW_DATA!$T:$T=1)))/$B2),"",SUM(_xlfn._xlws.FILTER(RAW_DATA!G:G,EXACT(_xlfn._xlws.FILTER(CONCATENATE(RAW_DATA!$A:$A,RAW_DATA!$B:$B,RAW_DATA!$C:$C),1),$A2)*(RAW_DATA!$T:$T=1)))/$B2)} | O2: {=IF(ISERR(SUM(_xlfn._xlws.FILTER(RAW_DATA!H:H,EXACT(_xlfn._xlws.FILTER(CONCATENATE(RAW_DATA!$A:$A,RAW_DATA!$B:$B,RAW_DATA!$C:$C),1),$A2)*(RAW_DATA!$T:$T=1)))/$B2),"",SUM(_xlfn._xlws.FILTER(RAW_DATA!H:H,EXACT(_xlfn._xlws.FILTER(CONCATENATE(RAW_DATA!$A:$A,RAW_DATA!$B:$B,RAW_DATA!$C:$C),1),$A2)*(RAW_DATA!$T:$T=1)))/$B2)} | P2: {=IF(ISERR(SUM(_xlfn._xlws.FILTER(RAW_DATA!I:I,EXACT(_xlfn._xlws.FILTER(CONCATENATE(RAW_DATA!$A:$A,RAW_DATA!$B:$B,RAW_DATA!$C:$C),1),$A2)*(RAW_DATA!$T:$T=1)))/$B2),"",SUM(_xlfn._xlws.FILTER(RAW_DATA!I:I,EXACT(_xlfn._xlws.FILTER(CONCATENATE(RAW_DATA!$A:$A,RAW_DATA!$B:$B,RAW_DATA!$C:$C),1),$A2)*(RAW_DATA!$T:$T=1)))/$B2)} | Q2: {=IF(ISERR(SUM(_xlfn._xlws.FILTER(RAW_DATA!J:J,EXACT(_xlfn._xlws.FILTER(CONCATENATE(RAW_DATA!$A:$A,RAW_DATA!$B:$B,RAW_DATA!$C:$C),1),$A2)*(RAW_DATA!$T:$T=1)))/$B2),"",SUM(_xlfn._xlws.FILTER(RAW_DATA!J:J,EXACT(_xlfn._xlws.FILTER(CONCATENATE(RAW_DATA!$A:$A,RAW_DATA!$B:$B,RAW_DATA!$C:$C),1),$A2)*(RAW_DATA!$T:$T=1)))/$B2)} | R2: {=IF(ISERR(SUM(_xlfn._xlws.FILTER(RAW_DATA!K:K,EXACT(_xlfn._xlws.FILTER(CONCATENATE(RAW_DATA!$A:$A,RAW_DATA!$B:$B,RAW_DATA!$C:$C),1),$A2)*(RAW_DATA!$T:$T=1)))/$B2),"",SUM(_xlfn._xlws.FILTER(RAW_DATA!K:K,EXACT(_xlfn._xlws.FILTER(CONCATENATE(RAW_DATA!$A:$A,RAW_DATA!$B:$B,RAW_DATA!$C:$C),1),$A2)*(RAW_DATA!$T:$T=1)))/$B2)} | S2: {=IF(ISERR(SUM(_xlfn._xlws.FILTER(RAW_DATA!L:L,EXACT(_xlfn._xlws.FILTER(CONCATENATE(RAW_DATA!$A:$A,RAW_DATA!$B:$B,RAW_DATA!$C:$C),1),$A2)*(RAW_DATA!$T:$T=1)))/$B2),"",SUM(_xlfn._xlws.FILTER(RAW_DATA!L:L,EXACT(_xlfn._xlws.FILTER(CONCATENATE(RAW_DATA!$A:$A,RAW_DATA!$B:$B,RAW_DATA!$C:$C),1),$A2)*(RAW_DATA!$T:$T=1)))/$B2)} | T2: {=IF(ISERR(SUM(_xlfn._xlws.FILTER(RAW_DATA!M:M,EXACT(_xlfn._xlws.FILTER(CONCATENATE(RAW_DATA!$A:$A,RAW_DATA!$B:$B,RAW_DATA!$C:$C),1),$A2)*(RAW_DATA!$V:$V=1)))/$D2),"",SUM(_xlfn._xlws.FILTER(RAW_DATA!M:M,EXACT(_xlfn._xlws.FILTER(CONCATENATE(RAW_DATA!$A:$A,RAW_DATA!$B:$B,RAW_DATA!$C:$C),1),$A2)*(RAW_DATA!$V:$V=1)))/$D2)} -> 1.1988 | U2: {=IF(ISERR(SUM(_xlfn._xlws.FILTER(RAW_DATA!N:N,EXACT(_xlfn._xlws.FILTER(CONCATENATE(RAW_DATA!$A:$A,RAW_DATA!$B:$B,RAW_DATA!$C:$C),1),$A2)*(RAW_DATA!$V:$V=1)))/$D2),"",SUM(_xlfn._xlws.FILTER(RAW_DATA!N:N,EXACT(_xlfn._xlws.FILTER(CONCATENATE(RAW_DATA!$A:$A,RAW_DATA!$B:$B,RAW_DATA!$C:$C),1),$A2)*(RAW_DATA!$V:$V=1)))/$D2)} -> 1.756 | V2: {=IF(ISERR(SUM(_xlfn._xlws.FILTER(RAW_DATA!O:O,EXACT(_xlfn._xlws.FILTER(CONCATENATE(RAW_DATA!$A:$A,RAW_DATA!$B:$B,RAW_DATA!$C:$C),1),$A2)*(RAW_DATA!$V:$V=1)))/$D2),"",SUM(_xlfn._xlws.FILTER(RAW_DATA!O:O,EXACT(_xlfn._xlws.FILTER(CONCATENATE(RAW_DATA!$A:$A,RAW_DATA!$B:$B,RAW_DATA!$C:$C),1),$A2)*(RAW_DATA!$V:$V=1)))/$D2)} -> -0.414686 | W2: {=IF(ISERR(SUM(_xlfn._xlws.FILTER(RAW_DATA!P:P,EXACT(_xlfn._xlws.FILTER(CONCATENATE(RAW_DATA!$A:$A,RAW_DATA!$B:$B,RAW_DATA!$C:$C),1),$A2)*(RAW_DATA!$V:$V=1)))/$D2),"",SUM(_xlfn._xlws.FILTER(RAW_DATA!P:P,EXACT(_xlfn._xlws.FILTER(CONCATENATE(RAW_DATA!$A:$A,RAW_DATA!$B:$B,RAW_DATA!$C:$C),1),$A2)*(RAW_DATA!$V:$V=1)))/$D2)} -> 1.4668 | X2: {=IF(ISERR(SUM(_xlfn._xlws.FILTER(RAW_DATA!Q:Q,EXACT(_xlfn._xlws.FILTER(CONCATENATE(RAW_DATA!$A:$A,RAW_DATA!$B:$B,RAW_DATA!$C:$C),1),$A2)*(RAW_DATA!$V:$V=1)))/$D2),"",SUM(_xlfn._xlws.FILTER(RAW_DATA!Q:Q,EXACT(_xlfn._xlws.FILTER(CONCATENATE(RAW_DATA!$A:$A,RAW_DATA!$B:$B,RAW_DATA!$C:$C),1),$A2)*(RAW_DATA!$V:$V=1)))/$D2)} -> 3.88158 | Y2: {=IF(ISERR(SUM(_xlfn._xlws.FILTER(RAW_DATA!R:R,EXACT(_xlfn._xlws.FILTER(CONCATENATE(RAW_DATA!$A:$A,RAW_DATA!$B:$B,RAW_DATA!$C:$C),1),$A2)*(RAW_DATA!$V:$V=1)))/$D2),"",SUM(_xlfn._xlws.FILTER(RAW_DATA!R:R,EXACT(_xlfn._xlws.FILTER(CONCATENATE(RAW_DATA!$A:$A,RAW_DATA!$B:$B,RAW_DATA!$C:$C),1),$A2)*(RAW_DATA!$V:$V=1)))/$D2)} -> 0.3176 | Z2: {=IF(ISERR(SUM(_xlfn._xlws.FILTER(RAW_DATA!S:S,EXACT(_xlfn._xlws.FILTER(CONCATENATE(RAW_DATA!$A:$A,RAW_DATA!$B:$B,RAW_DATA!$C:$C),1),$A2)*(RAW_DATA!$V:$V=1)))/$D2),"",SUM(_xlfn._xlws.FILTER(RAW_DATA!S:S,EXACT(_xlfn._xlws.FILTER(CONCATENATE(RAW_DATA!$A:$A,RAW_DATA!$B:$B,RAW_DATA!$C:$C),1),$A2)*(RAW_DATA!$V:$V=1)))/$D2)} -> 0
A3: Control4EGGPPCSBattery4_8_CONV_STEP | B3: {=IF(ISERR(SUM(_xlfn._xlws.FILTER(RAW_DATA!$T:$T,EXACT(_xlfn._xlws.FILTER(CONCATENATE(RAW_DATA!$A:$A,RAW_DATA!$B:$B,RAW_DATA!$C:$C),1),$A3)))),"",SUM(_xlfn._xlws.FILTER(RAW_DATA!$T:$T,EXACT(_xlfn._xlws.FILTER(CONCATENATE(RAW_DATA!$A:$A,RAW_DATA!$B:$B,RAW_DATA!$C:$C),1),$A3))))} -> 0 | C3: {=IF(ISERR(SUM(_xlfn._xlws.FILTER(RAW_DATA!$U:$U,EXACT(_xlfn._xlws.FILTER(CONCATENATE(RAW_DATA!$A:$A,RAW_DATA!$B:$B,RAW_DATA!$C:$C),1),$A3)))),"",SUM(_xlfn._xlws.FILTER(RAW_DATA!$U:$U,EXACT(_xlfn._xlws.FILTER(CONCATENATE(RAW_DATA!$A:$A,RAW_DATA!$B:$B,RAW_DATA!$C:$C),1),$A3))))} -> 0 | D3: {=IF(ISERR(SUM(_xlfn._xlws.FILTER(RAW_DATA!$V:$V,EXACT(_xlfn._xlws.FILTER(CONCATENATE(RAW_DATA!$A:$A,RAW_DATA!$B:$B,RAW_DATA!$C:$C),1),$A3)))),"",SUM(_xlfn._xlws.FILTER(RAW_DATA!$V:$V,EXACT(_xlfn._xlws.FILTER(CONCATENATE(RAW_DATA!$A:$A,RAW_DATA!$B:$B,RAW_DATA!$C:$C),1),$A3))))} -> 9 | E3: {=IF(ISERR(SUM(_xlfn._xlws.FILTER(RAW_DATA!$X:$X,EXACT(_xlfn._xlws.FILTER(CONCATENATE(RAW_DATA!$A:$A,RAW_DATA!$B:$B,RAW_DATA!$C:$C),1),$A3)*(RAW_DATA!$T:$T=1)))/$B3),"",SUM(_xlfn._xlws.FILTER(RAW_DATA!$X:$X,EXACT(_xlfn._xlws.FILTER(CONCATENATE(RAW_DATA!$A:$A,RAW_DATA!$B:$B,RAW_DATA!$C:$C),1),$A3)*(RAW_DATA!$T:$T=1)))/$B3)} | F3: {=IF(ISERR(SUM(_xlfn._xlws.FILTER(RAW_DATA!$Y:$Y,EXACT(_xlfn._xlws.FILTER(CONCATENATE(RAW_DATA!$A:$A,RAW_DATA!$B:$B,RAW_DATA!$C:$C),1),$A3)*(RAW_DATA!$U:$U=1)))/$C3),"",SUM(_xlfn._xlws.FILTER(RAW_DATA!$Y:$Y,EXACT(_xlfn._xlws.FILTER(CONCATENATE(RAW_DATA!$A:$A,RAW_DATA!$B:$B,RAW_DATA!$C:$C),1),$A3)*(RAW_DATA!$U:$U=1)))/$C3)} | G3: {=IF(ISERR(SUM(_xlfn._xlws.FILTER(RAW_DATA!$Z:$Z,EXACT(_xlfn._xlws.FILTER(CONCATENATE(RAW_DATA!$A:$A,RAW_DATA!$B:$B,RAW_DATA!$C:$C),1),$A3)*(RAW_DATA!$V:$V=1)))/$D3),"",SUM(_xlfn._xlws.FILTER(RAW_DATA!$Z:$Z,EXACT(_xlfn._xlws.FILTER(CONCATENATE(RAW_DATA!$A:$A,RAW_DATA!$B:$B,RAW_DATA!$C:$C),1),$A3)*(RAW_DATA!$V:$V=1)))/$D3)} -> 20.1925 | H3: {=IF(ISERR(SUM(_xlfn._xlws.FILTER(RAW_DATA!$E:$E,EXACT(_xlfn._xlws.FILTER(CONCATENATE(RAW_DATA!$A:$A,RAW_DATA!$B:$B,RAW_DATA!$C:$C),1),$A3)*(RAW_DATA!T:T=1)))/$B3),"",SUM(_xlfn._xlws.FILTER(RAW_DATA!$E:$E,EXACT(_xlfn._xlws.FILTER(CONCATENATE(RAW_DATA!$A:$A,RAW_DATA!$B:$B,RAW_DATA!$C:$C),1),$A3)*(RAW_DATA!T:T=1)))/$B3)} | I3: {=IF(ISERR(SUM(_xlfn._xlws.FILTER(RAW_DATA!$E:$E,EXACT(_xlfn._xlws.FILTER(CONCATENATE(RAW_DATA!$A:$A,RAW_DATA!$B:$B,RAW_DATA!$C:$C),1),$A3)*(RAW_DATA!U:U=1)))/$C3),"",SUM(_xlfn._xlws.FILTER(RAW_DATA!$E:$E,EXACT(_xlfn._xlws.FILTER(CONCATENATE(RAW_DATA!$A:$A,RAW_DATA!$B:$B,RAW_DATA!$C:$C),1),$A3)*(RAW_DATA!U:U=1)))/$C3)} | J3: {=IF(ISERR(SUM(_xlfn._xlws.FILTER(RAW_DATA!$E:$E,EXACT(_xlfn._xlws.FILTER(CONCATENATE(RAW_DATA!$A:$A,RAW_DATA!$B:$B,RAW_DATA!$C:$C),1),$A3)*(RAW_DATA!V:V=1)))/$D3),"",SUM(_xlfn._xlws.FILTER(RAW_DATA!$E:$E,EXACT(_xlfn._xlws.FILTER(CONCATENATE(RAW_DATA!$A:$A,RAW_DATA!$B:$B,RAW_DATA!$C:$C),1),$A3)*(RAW_DATA!V:V=1)))/$D3)} -> 0 | K3: {=IF(ISERR(SUM(_xlfn._xlws.FILTER(RAW_DATA!$F:$F,EXACT(_xlfn._xlws.FILTER(CONCATENATE(RAW_DATA!$A:$A,RAW_DATA!$B:$B,RAW_DATA!$C:$C),1),$A3)*(RAW_DATA!T:T=1)))/$B3),"",SUM(_xlfn._xlws.FILTER(RAW_DATA!$F:$F,EXACT(_xlfn._xlws.FILTER(CONCATENATE(RAW_DATA!$A:$A,RAW_DATA!$B:$B,RAW_DATA!$C:$C),1),$A3)*(RAW_DATA!T:T=1)))/$B3)} | L3: {=IF(ISERR(SUM(_xlfn._xlws.FILTER(RAW_DATA!$F:$F,EXACT(_xlfn._xlws.FILTER(CONCATENATE(RAW_DATA!$A:$A,RAW_DATA!$B:$B,RAW_DATA!$C:$C),1),$A3)*(RAW_DATA!U:U=1)))/$C3),"",SUM(_xlfn._xlws.FILTER(RAW_DATA!$F:$F,EXACT(_xlfn._xlws.FILTER(CONCATENATE(RAW_DATA!$A:$A,RAW_DATA!$B:$B,RAW_DATA!$C:$C),1),$A3)*(RAW_DATA!U:U=1)))/$C3)} | M3: {=IF(ISERR(SUM(_xlfn._xlws.FILTER(RAW_DATA!$F:$F,EXACT(_xlfn._xlws.FILTER(CONCATENATE(RAW_DATA!$A:$A,RAW_DATA!$B:$B,RAW_DATA!$C:$C),1),$A3)*(RAW_DATA!V:V=1)))/$D3),"",SUM(_xlfn._xlws.FILTER(RAW_DATA!$F:$F,EXACT(_xlfn._xlws.FILTER(CONCATENATE(RAW_DATA!$A:$A,RAW_DATA!$B:$B,RAW_DATA!$C:$C),1),$A3)*(RAW_DATA!V:V=1)))/$D3)} -> 0.11111111 | N3: {=IF(ISERR(SUM(_xlfn._xlws.FILTER(RAW_DATA!G:G,EXACT(_xlfn._xlws.FILTER(CONCATENATE(RAW_DATA!$A:$A,RAW_DATA!$B:$B,RAW_DATA!$C:$C),1),$A3)*(RAW_DATA!$T:$T=1)))/$B3),"",SUM(_xlfn._xlws.FILTER(RAW_DATA!G:G,EXACT(_xlfn._xlws.FILTER(CONCATENATE(RAW_DATA!$A:$A,RAW_DATA!$B:$B,RAW_DATA!$C:$C),1),$A3)*(RAW_DATA!$T:$T=1)))/$B3)} | O3: {=IF(ISERR(SUM(_xlfn._xlws.FILTER(RAW_DATA!H:H,EXACT(_xlfn._xlws.FILTER(CONCATENATE(RAW_DATA!$A:$A,RAW_DATA!$B:$B,RAW_DATA!$C:$C),1),$A3)*(RAW_DATA!$T:$T=1)))/$B3),"",SUM(_xlfn._xlws.FILTER(RAW_DATA!H:H,EXACT(_xlfn._xlws.FILTER(CONCATENATE(RAW_DATA!$A:$A,RAW_DATA!$B:$B,RAW_DATA!$C:$C),1),$A3)*(RAW_DATA!$T:$T=1)))/$B3)} | P3: {=IF(ISERR(SUM(_xlfn._xlws.FILTER(RAW_DATA!I:I,EXACT(_xlfn._xlws.FILTER(CONCATENATE(RAW_DATA!$A:$A,RAW_DATA!$B:$B,RAW_DATA!$C:$C),1),$A3)*(RAW_DATA!$T:$T=1)))/$B3),"",SUM(_xlfn._xlws.FILTER(RAW_DATA!I:I,EXACT(_xlfn._xlws.FILTER(CONCATENATE(RAW_DATA!$A:$A,RAW_DATA!$B:$B,RAW_DATA!$C:$C),1),$A3)*(RAW_DATA!$T:$T=1)))/$B3)} | Q3: {=IF(ISERR(SUM(_xlfn._xlws.FILTER(RAW_DATA!J:J,EXACT(_xlfn._xlws.FILTER(CONCATENATE(RAW_DATA!$A:$A,RAW_DATA!$B:$B,RAW_DATA!$C:$C),1),$A3)*(RAW_DATA!$T:$T=1)))/$B3),"",SUM(_xlfn._xlws.FILTER(RAW_DATA!J:J,EXACT(_xlfn._xlws.FILTER(CONCATENATE(RAW_DATA!$A:$A,RAW_DATA!$B:$B,RAW_DATA!$C:$C),1),$A3)*(RAW_DATA!$T:$T=1)))/$B3)} | R3: {=IF(ISERR(SUM(_xlfn._xlws.FILTER(RAW_DATA!K:K,EXACT(_xlfn._xlws.FILTER(CONCATENATE(RAW_DATA!$A:$A,RAW_DATA!$B:$B,RAW_DATA!$C:$C),1),$A3)*(RAW_DATA!$T:$T=1)))/$B3),"",SUM(_xlfn._xlws.FILTER(RAW_DATA!K:K,EXACT(_xlfn._xlws.FILTER(CONCATENATE(RAW_DATA!$A:$A,RAW_DATA!$B:$B,RAW_DATA!$C:$C),1),$A3)*(RAW_DATA!$T:$T=1)))/$B3)} | S3: {=IF(ISERR(SUM(_xlfn._xlws.FILTER(RAW_DATA!L:L,EXACT(_xlfn._xlws.FILTER(CONCATENATE(RAW_DATA!$A:$A,RAW_DATA!$B:$B,RAW_DATA!$C:$C),1),$A3)*(RAW_DATA!$T:$T=1)))/$B3),"",SUM(_xlfn._xlws.FILTER(RAW_DATA!L:L,EXACT(_xlfn._xlws.FILTER(CONCATENATE(RAW_DATA!$A:$A,RAW_DATA!$B:$B,RAW_DATA!$C:$C),1),$A3)*(RAW_DATA!$T:$T=1)))/$B3)} | T3: {=IF(ISERR(SUM(_xlfn._xlws.FILTER(RAW_DATA!M:M,EXACT(_xlfn._xlws.FILTER(CONCATENATE(RAW_DATA!$A:$A,RAW_DATA!$B:$B,RAW_DATA!$C:$C),1),$A3)*(RAW_DATA!$V:$V=1)))/$D3),"",SUM(_xlfn._xlws.FILTER(RAW_DATA!M:M,EXACT(_xlfn._xlws.FILTER(CONCATENATE(RAW_DATA!$A:$A,RAW_DATA!$B:$B,RAW_DATA!$C:$C),1),$A3)*(RAW_DATA!$V:$V=1)))/$D3)} -> 0.83511111 | U3: {=IF(ISERR(SUM(_xlfn._xlws.FILTER(RAW_DATA!N:N,EXACT(_xlfn._xlws.FILTER(CONCATENATE(RAW_DATA!$A:$A,RAW_DATA!$B:$B,RAW_DATA!$C:$C),1),$A3)*(RAW_DATA!$V:$V=1)))/$D3),"",SUM(_xlfn._xlws.FILTER(RAW_DATA!N:N,EXACT(_xlfn._xlws.FILTER(CONCATENATE(RAW_DATA!$A:$A,RAW_DATA!$B:$B,RAW_DATA!$C:$C),1),$A3)*(RAW_DATA!$V:$V=1)))/$D3)} -> 1.5622222 | V3: {=IF(ISERR(SUM(_xlfn._xlws.FILTER(RAW_DATA!O:O,EXACT(_xlfn._xlws.FILTER(CONCATENATE(RAW_DATA!$A:$A,RAW_DATA!$B:$B,RAW_DATA!$C:$C),1),$A3)*(RAW_DATA!$V:$V=1)))/$D3),"",SUM(_xlfn._xlws.FILTER(RAW_DATA!O:O,EXACT(_xlfn._xlws.FILTER(CONCATENATE(RAW_DATA!$A:$A,RAW_DATA!$B:$B,RAW_DATA!$C:$C),1),$A3)*(RAW_DATA!$V:$V=1)))/$D3)} -> -1.8669778 | W3: {=IF(ISERR(SUM(_xlfn._xlws.FILTER(RAW_DATA!P:P,EXACT(_xlfn._xlws.FILTER(CONCATENATE(RAW_DATA!$A:$A,RAW_DATA!$B:$B,RAW_DATA!$C:$C),1),$A3)*(RAW_DATA!$V:$V=1)))/$D3),"",SUM(_xlfn._xlws.FILTER(RAW_DATA!P:P,EXACT(_xlfn._xlws.FILTER(CONCATENATE(RAW_DATA!$A:$A,RAW_DATA!$B:$B,RAW_DATA!$C:$C),1),$A3)*(RAW_DATA!$V:$V=1)))/$D3)} -> 1.258 | X3: {=IF(ISERR(SUM(_xlfn._xlws.FILTER(RAW_DATA!Q:Q,EXACT(_xlfn._xlws.FILTER(CONCATENATE(RAW_DATA!$A:$A,RAW_DATA!$B:$B,RAW_DATA!$C:$C),1),$A3)*(RAW_DATA!$V:$V=1)))/$D3),"",SUM(_xlfn._xlws.FILTER(RAW_DATA!Q:Q,EXACT(_xlfn._xlws.FILTER(CONCATENATE(RAW_DATA!$A:$A,RAW_DATA!$B:$B,RAW_DATA!$C:$C),1),$A3)*(RAW_DATA!$V:$V=1)))/$D3)} -> 5.2823889 | Y3: {=IF(ISERR(SUM(_xlfn._xlws.FILTER(RAW_DATA!R:R,EXACT(_xlfn._xlws.FILTER(CONCATENATE(RAW_DATA!$A:$A,RAW_DATA!$B:$B,RAW_DATA!$C:$C),1),$A3)*(RAW_DATA!$V:$V=1)))/$D3),"",SUM(_xlfn._xlws.FILTER(RAW_DATA!R:R,EXACT(_xlfn._xlws.FILTER(CONCATENATE(RAW_DATA!$A:$A,RAW_DATA!$B:$B,RAW_DATA!$C:$C),1),$A3)*(RAW_DATA!$V:$V=1)))/$D3)} -> -0.31688889 | Z3: {=IF(ISERR(SUM(_xlfn._xlws.FILTER(RAW_DATA!S:S,EXACT(_xlfn._xlws.FILTER(CONCATENATE(RAW_DATA!$A:$A,RAW_DATA!$B:$B,RAW_DATA!$C:$C),1),$A3)*(RAW_DATA!$V:$V=1)))/$D3),"",SUM(_xlfn._xlws.FILTER(RAW_DATA!S:S,EXACT(_xlfn._xlws.FILTER(CONCATENATE(RAW_DATA!$A:$A,RAW_DATA!$B:$B,RAW_DATA!$C:$C),1),$A3)*(RAW_DATA!$V:$V=1)))/$D3)} -> 0
A4: Control5AJDPPCSBattery4_8_CONV_STEP | B4: {=IF(ISERR(SUM(_xlfn._xlws.FILTER(RAW_DATA!$T:$T,EXACT(_xlfn._xlws.FILTER(CONCATENATE(RAW_DATA!$A:$A,RAW_DATA!$B:$B,RAW_DATA!$C:$C),1),$A4)))),"",SUM(_xlfn._xlws.FILTER(RAW_DATA!$T:$T,EXACT(_xlfn._xlws.FILTER(CONCATENATE(RAW_DATA!$A:$A,RAW_DATA!$B:$B,RAW_DATA!$C:$C),1),$A4))))} -> 0 | C4: {=IF(ISERR(SUM(_xlfn._xlws.FILTER(RAW_DATA!$U:$U,EXACT(_xlfn._xlws.FILTER(CONCATENATE(RAW_DATA!$A:$A,RAW_DATA!$B:$B,RAW_DATA!$C:$C),1),$A4)))),"",SUM(_xlfn._xlws.FILTER(RAW_DATA!$U:$U,EXACT(_xlfn._xlws.FILTER(CONCATENATE(RAW_DATA!$A:$A,RAW_DATA!$B:$B,RAW_DATA!$C:$C),1),$A4))))} -> 0 | D4: {=IF(ISERR(SUM(_xlfn._xlws.FILTER(RAW_DATA!$V:$V,EXACT(_xlfn._xlws.FILTER(CONCATENATE(RAW_DATA!$A:$A,RAW_DATA!$B:$B,RAW_DATA!$C:$C),1),$A4)))),"",SUM(_xlfn._xlws.FILTER(RAW_DATA!$V:$V,EXACT(_xlfn._xlws.FILTER(CONCATENATE(RAW_DATA!$A:$A,RAW_DATA!$B:$B,RAW_DATA!$C:$C),1),$A4))))} -> 6 | E4: {=IF(ISERR(SUM(_xlfn._xlws.FILTER(RAW_DATA!$X:$X,EXACT(_xlfn._xlws.FILTER(CONCATENATE(RAW_DATA!$A:$A,RAW_DATA!$B:$B,RAW_DATA!$C:$C),1),$A4)*(RAW_DATA!$T:$T=1)))/$B4),"",SUM(_xlfn._xlws.FILTER(RAW_DATA!$X:$X,EXACT(_xlfn._xlws.FILTER(CONCATENATE(RAW_DATA!$A:$A,RAW_DATA!$B:$B,RAW_DATA!$C:$C),1),$A4)*(RAW_DATA!$T:$T=1)))/$B4)} | F4: {=IF(ISERR(SUM(_xlfn._xlws.FILTER(RAW_DATA!$Y:$Y,EXACT(_xlfn._xlws.FILTER(CONCATENATE(RAW_DATA!$A:$A,RAW_DATA!$B:$B,RAW_DATA!$C:$C),1),$A4)*(RAW_DATA!$U:$U=1)))/$C4),"",SUM(_xlfn._xlws.FILTER(RAW_DATA!$Y:$Y,EXACT(_xlfn._xlws.FILTER(CONCATENATE(RAW_DATA!$A:$A,RAW_DATA!$B:$B,RAW_DATA!$C:$C),1),$A4)*(RAW_DATA!$U:$U=1)))/$C4)} | G4: {=IF(ISERR(SUM(_xlfn._xlws.FILTER(RAW_DATA!$Z:$Z,EXACT(_xlfn._xlws.FILTER(CONCATENATE(RAW_DATA!$A:$A,RAW_DATA!$B:$B,RAW_DATA!$C:$C),1),$A4)*(RAW_DATA!$V:$V=1)))/$D4),"",SUM(_xlfn._xlws.FILTER(RAW_DATA!$Z:$Z,EXACT(_xlfn._xlws.FILTER(CONCATENATE(RAW_DATA!$A:$A,RAW_DATA!$B:$B,RAW_DATA!$C:$C),1),$A4)*(RAW_DATA!$V:$V=1)))/$D4)} -> 20.192483 | H4: {=IF(ISERR(SUM(_xlfn._xlws.FILTER(RAW_DATA!$E:$E,EXACT(_xlfn._xlws.FILTER(CONCATENATE(RAW_DATA!$A:$A,RAW_DATA!$B:$B,RAW_DATA!$C:$C),1),$A4)*(RAW_DATA!T:T=1)))/$B4),"",SUM(_xlfn._xlws.FILTER(RAW_DATA!$E:$E,EXACT(_xlfn._xlws.FILTER(CONCATENATE(RAW_DATA!$A:$A,RAW_DATA!$B:$B,RAW_DATA!$C:$C),1),$A4)*(RAW_DATA!T:T=1)))/$B4)} | I4: {=IF(ISERR(SUM(_xlfn._xlws.FILTER(RAW_DATA!$E:$E,EXACT(_xlfn._xlws.FILTER(CONCATENATE(RAW_DATA!$A:$A,RAW_DATA!$B:$B,RAW_DATA!$C:$C),1),$A4)*(RAW_DATA!U:U=1)))/$C4),"",SUM(_xlfn._xlws.FILTER(RAW_DATA!$E:$E,EXACT(_xlfn._xlws.FILTER(CONCATENATE(RAW_DATA!$A:$A,RAW_DATA!$B:$B,RAW_DATA!$C:$C),1),$A4)*(RAW_DATA!U:U=1)))/$C4)} | J4: {=IF(ISERR(SUM(_xlfn._xlws.FILTER(RAW_DATA!$E:$E,EXACT(_xlfn._xlws.FILTER(CONCATENATE(RAW_DATA!$A:$A,RAW_DATA!$B:$B,RAW_DATA!$C:$C),1),$A4)*(RAW_DATA!V:V=1)))/$D4),"",SUM(_xlfn._xlws.FILTER(RAW_DATA!$E:$E,EXACT(_xlfn._xlws.FILTER(CONCATENATE(RAW_DATA!$A:$A,RAW_DATA!$B:$B,RAW_DATA!$C:$C),1),$A4)*(RAW_DATA!V:V=1)))/$D4)} -> 0 | K4: {=IF(ISERR(SUM(_xlfn._xlws.FILTER(RAW_DATA!$F:$F,EXACT(_xlfn._xlws.FILTER(CONCATENATE(RAW_DATA!$A:$A,RAW_DATA!$B:$B,RAW_DATA!$C:$C),1),$A4)*(RAW_DATA!T:T=1)))/$B4),"",SUM(_xlfn._xlws.FILTER(RAW_DATA!$F:$F,EXACT(_xlfn._xlws.FILTER(CONCATENATE(RAW_DATA!$A:$A,RAW_DATA!$B:$B,RAW_DATA!$C:$C),1),$A4)*(RAW_DATA!T:T=1)))/$B4)} | L4: {=IF(ISERR(SUM(_xlfn._xlws.FILTER(RAW_DATA!$F:$F,EXACT(_xlfn._xlws.FILTER(CONCATENATE(RAW_DATA!$A:$A,RAW_DATA!$B:$B,RAW_DATA!$C:$C),1),$A4)*(RAW_DATA!U:U=1)))/$C4),"",SUM(_xlfn._xlws.FILTER(RAW_DATA!$F:$F,EXACT(_xlfn._xlws.FILTER(CONCATENATE(RAW_DATA!$A:$A,RAW_DATA!$B:$B,RAW_DATA!$C:$C),1),$A4)*(RAW_DATA!U:U=1)))/$C4)} | M4: {=IF(ISERR(SUM(_xlfn._xlws.FILTER(RAW_DATA!$F:$F,EXACT(_xlfn._xlws.FILTER(CONCATENATE(RAW_DATA!$A:$A,RAW_DATA!$B:$B,RAW_DATA!$C:$C),1),$A4)*(RAW_DATA!V:V=1)))/$D4),"",SUM(_xlfn._xlws.FILTER(RAW_DATA!$F:$F,EXACT(_xlfn._xlws.FILTER(CONCATENATE(RAW_DATA!$A:$A,RAW_DATA!$B:$B,RAW_DATA!$C:$C),1),$A4)*(RAW_DATA!V:V=1)))/$D4)} -> 0.33333333 | N4: {=IF(ISERR(SUM(_xlfn._xlws.FILTER(RAW_DATA!G:G,EXACT(_xlfn._xlws.FILTER(CONCATENATE(RAW_DATA!$A:$A,RAW_DATA!$B:$B,RAW_DATA!$C:$C),1),$A4)*(RAW_DATA!$T:$T=1)))/$B4),"",SUM(_xlfn._xlws.FILTER(RAW_DATA!G:G,EXACT(_xlfn._xlws.FILTER(CONCATENATE(RAW_DATA!$A:$A,RAW_DATA!$B:$B,RAW_DATA!$C:$C),1),$A4)*(RAW_DATA!$T:$T=1)))/$B4)} | O4: {=IF(ISERR(SUM(_xlfn._xlws.FILTER(RAW_DATA!H:H,EXACT(_xlfn._xlws.FILTER(CONCATENATE(RAW_DATA!$A:$A,RAW_DATA!$B:$B,RAW_DATA!$C:$C),1),$A4)*(RAW_DATA!$T:$T=1)))/$B4),"",SUM(_xlfn._xlws.FILTER(RAW_DATA!H:H,EXACT(_xlfn._xlws.FILTER(CONCATENATE(RAW_DATA!$A:$A,RAW_DATA!$B:$B,RAW_DATA!$C:$C),1),$A4)*(RAW_DATA!$T:$T=1)))/$B4)} | P4: {=IF(ISERR(SUM(_xlfn._xlws.FILTER(RAW_DATA!I:I,EXACT(_xlfn._xlws.FILTER(CONCATENATE(RAW_DATA!$A:$A,RAW_DATA!$B:$B,RAW_DATA!$C:$C),1),$A4)*(RAW_DATA!$T:$T=1)))/$B4),"",SUM(_xlfn._xlws.FILTER(RAW_DATA!I:I,EXACT(_xlfn._xlws.FILTER(CONCATENATE(RAW_DATA!$A:$A,RAW_DATA!$B:$B,RAW_DATA!$C:$C),1),$A4)*(RAW_DATA!$T:$T=1)))/$B4)} | Q4: {=IF(ISERR(SUM(_xlfn._xlws.FILTER(RAW_DATA!J:J,EXACT(_xlfn._xlws.FILTER(CONCATENATE(RAW_DATA!$A:$A,RAW_DATA!$B:$B,RAW_DATA!$C:$C),1),$A4)*(RAW_DATA!$T:$T=1)))/$B4),"",SUM(_xlfn._xlws.FILTER(RAW_DATA!J:J,EXACT(_xlfn._xlws.FILTER(CONCATENATE(RAW_DATA!$A:$A,RAW_DATA!$B:$B,RAW_DATA!$C:$C),1),$A4)*(RAW_DATA!$T:$T=1)))/$B4)} | R4: {=IF(ISERR(SUM(_xlfn._xlws.FILTER(RAW_DATA!K:K,EXACT(_xlfn._xlws.FILTER(CONCATENATE(RAW_DATA!$A:$A,RAW_DATA!$B:$B,RAW_DATA!$C:$C),1),$A4)*(RAW_DATA!$T:$T=1)))/$B4),"",SUM(_xlfn._xlws.FILTER(RAW_DATA!K:K,EXACT(_xlfn._xlws.FILTER(CONCATENATE(RAW_DATA!$A:$A,RAW_DATA!$B:$B,RAW_DATA!$C:$C),1),$A4)*(RAW_DATA!$T:$T=1)))/$B4)} | S4: {=IF(ISERR(SUM(_xlfn._xlws.FILTER(RAW_DATA!L:L,EXACT(_xlfn._xlws.FILTER(CONCATENATE(RAW_DATA!$A:$A,RAW_DATA!$B:$B,RAW_DATA!$C:$C),1),$A4)*(RAW_DATA!$T:$T=1)))/$B4),"",SUM(_xlfn._xlws.FILTER(RAW_DATA!L:L,EXACT(_xlfn._xlws.FILTER(CONCATENATE(RAW_DATA!$A:$A,RAW_DATA!$B:$B,RAW_DATA!$C:$C),1),$A4)*(RAW_DATA!$T:$T=1)))/$B4)} | T4: {=IF(ISERR(SUM(_xlfn._xlws.FILTER(RAW_DATA!M:M,EXACT(_xlfn._xlws.FILTER(CONCATENATE(RAW_DATA!$A:$A,RAW_DATA!$B:$B,RAW_DATA!$C:$C),1),$A4)*(RAW_DATA!$V:$V=1)))/$D4),"",SUM(_xlfn._xlws.FILTER(RAW_DATA!M:M,EXACT(_xlfn._xlws.FILTER(CONCATENATE(RAW_DATA!$A:$A,RAW_DATA!$B:$B,RAW_DATA!$C:$C),1),$A4)*(RAW_DATA!$V:$V=1)))/$D4)} -> 0.77933333 | U4: {=IF(ISERR(SUM(_xlfn._xlws.FILTER(RAW_DATA!N:N,EXACT(_xlfn._xlws.FILTER(CONCATENATE(RAW_DATA!$A:$A,RAW_DATA!$B:$B,RAW_DATA!$C:$C),1),$A4)*(RAW_DATA!$V:$V=1)))/$D4),"",SUM(_xlfn._xlws.FILTER(RAW_DATA!N:N,EXACT(_xlfn._xlws.FILTER(CONCATENATE(RAW_DATA!$A:$A,RAW_DATA!$B:$B,RAW_DATA!$C:$C),1),$A4)*(RAW_DATA!$V:$V=1)))/$D4)} -> 1.4746667 | V4: {=IF(ISERR(SUM(_xlfn._xlws.FILTER(RAW_DATA!O:O,EXACT(_xlfn._xlws.FILTER(CONCATENATE(RAW_DATA!$A:$A,RAW_DATA!$B:$B,RAW_DATA!$C:$C),1),$A4)*(RAW_DATA!$V:$V=1)))/$D4),"",SUM(_xlfn._xlws.FILTER(RAW_DATA!O:O,EXACT(_xlfn._xlws.FILTER(CONCATENATE(RAW_DATA!$A:$A,RAW_DATA!$B:$B,RAW_DATA!$C:$C),1),$A4)*(RAW_DATA!$V:$V=1)))/$D4)} -> -2.64495 | W4: {=IF(ISERR(SUM(_xlfn._xlws.FILTER(RAW_DATA!P:P,EXACT(_xlfn._xlws.FILTER(CONCATENATE(RAW_DATA!$A:$A,RAW_DATA!$B:$B,RAW_DATA!$C:$C),1),$A4)*(RAW_DATA!$V:$V=1)))/$D4),"",SUM(_xlfn._xlws.FILTER(RAW_DATA!P:P,EXACT(_xlfn._xlws.FILTER(CONCATENATE(RAW_DATA!$A:$A,RAW_DATA!$B:$B,RAW_DATA!$C:$C),1),$A4)*(RAW_DATA!$V:$V=1)))/$D4)} -> 1.1086667 | X4: {=IF(ISERR(SUM(_xlfn._xlws.FILTER(RAW_DATA!Q:Q,EXACT(_xlfn._xlws.FILTER(CONCATENATE(RAW_DATA!$A:$A,RAW_DATA!$B:$B,RAW_DATA!$C:$C),1),$A4)*(RAW_DATA!$V:$V=1)))/$D4),"",SUM(_xlfn._xlws.FILTER(RAW_DATA!Q:Q,EXACT(_xlfn._xlws.FILTER(CONCATENATE(RAW_DATA!$A:$A,RAW_DATA!$B:$B,RAW_DATA!$C:$C),1),$A4)*(RAW_DATA!$V:$V=1)))/$D4)} -> 7.9088167 | Y4: {=IF(ISERR(SUM(_xlfn._xlws.FILTER(RAW_DATA!R:R,EXACT(_xlfn._xlws.FILTER(CONCATENATE(RAW_DATA!$A:$A,RAW_DATA!$B:$B,RAW_DATA!$C:$C),1),$A4)*(RAW_DATA!$V:$V=1)))/$D4),"",SUM(_xlfn._xlws.FILTER(RAW_DATA!R:R,EXACT(_xlfn._xlws.FILTER(CONCATENATE(RAW_DATA!$A:$A,RAW_DATA!$B:$B,RAW_DATA!$C:$C),1),$A4)*(RAW_DATA!$V:$V=1)))/$D4)} -> -0.71133333 | Z4: {=IF(ISERR(SUM(_xlfn._xlws.FILTER(RAW_DATA!S:S,EXACT(_xlfn._xlws.FILTER(CONCATENATE(RAW_DATA!$A:$A,RAW_DATA!$B:$B,RAW_DATA!$C:$C),1),$A4)*(RAW_DATA!$V:$V=1)))/$D4),"",SUM(_xlfn._xlws.FILTER(RAW_DATA!S:S,EXACT(_xlfn._xlws.FILTER(CONCATENATE(RAW_DATA!$A:$A,RAW_DATA!$B:$B,RAW_DATA!$C:$C),1),$A4)*(RAW_DATA!$V:$V=1)))/$D4)} -> 0
A5: Control6JPMPPCSBattery4_8_CONV_STEP | B5: {=IF(ISERR(SUM(_xlfn._xlws.FILTER(RAW_DATA!$T:$T,EXACT(_xlfn._xlws.FILTER(CONCATENATE(RAW_DATA!$A:$A,RAW_DATA!$B:$B,RAW_DATA!$C:$C),1),$A5)))),"",SUM(_xlfn._xlws.FILTER(RAW_DATA!$T:$T,EXACT(_xlfn._xlws.FILTER(CONCATENATE(RAW_DATA!$A:$A,RAW_DATA!$B:$B,RAW_DATA!$C:$C),1),$A5))))} -> 0 | C5: {=IF(ISERR(SUM(_xlfn._xlws.FILTER(RAW_DATA!$U:$U,EXACT(_xlfn._xlws.FILTER(CONCATENATE(RAW_DATA!$A:$A,RAW_DATA!$B:$B,RAW_DATA!$C:$C),1),$A5)))),"",SUM(_xlfn._xlws.FILTER(RAW_DATA!$U:$U,EXACT(_xlfn._xlws.FILTER(CONCATENATE(RAW_DATA!$A:$A,RAW_DATA!$B:$B,RAW_DATA!$C:$C),1),$A5))))} -> 0 | D5: {=IF(ISERR(SUM(_xlfn._xlws.FILTER(RAW_DATA!$V:$V,EXACT(_xlfn._xlws.FILTER(CONCATENATE(RAW_DATA!$A:$A,RAW_DATA!$B:$B,RAW_DATA!$C:$C),1),$A5)))),"",SUM(_xlfn._xlws.FILTER(RAW_DATA!$V:$V,EXACT(_xlfn._xlws.FILTER(CONCATENATE(RAW_DATA!$A:$A,RAW_DATA!$B:$B,RAW_DATA!$C:$C),1),$A5))))} -> 8 | E5: {=IF(ISERR(SUM(_xlfn._xlws.FILTER(RAW_DATA!$X:$X,EXACT(_xlfn._xlws.FILTER(CONCATENATE(RAW_DATA!$A:$A,RAW_DATA!$B:$B,RAW_DATA!$C:$C),1),$A5)*(RAW_DATA!$T:$T=1)))/$B5),"",SUM(_xlfn._xlws.FILTER(RAW_DATA!$X:$X,EXACT(_xlfn._xlws.FILTER(CONCATENATE(RAW_DATA!$A:$A,RAW_DATA!$B:$B,RAW_DATA!$C:$C),1),$A5)*(RAW_DATA!$T:$T=1)))/$B5)} | F5: {=IF(ISERR(SUM(_xlfn._xlws.FILTER(RAW_DATA!$Y:$Y,EXACT(_xlfn._xlws.FILTER(CONCATENATE(RAW_DATA!$A:$A,RAW_DATA!$B:$B,RAW_DATA!$C:$C),1),$A5)*(RAW_DATA!$U:$U=1)))/$C5),"",SUM(_xlfn._xlws.FILTER(RAW_DATA!$Y:$Y,EXACT(_xlfn._xlws.FILTER(CONCATENATE(RAW_DATA!$A:$A,RAW_DATA!$B:$B,RAW_DATA!$C:$C),1),$A5)*(RAW_DATA!$U:$U=1)))/$C5)} | G5: {=IF(ISERR(SUM(_xlfn._xlws.FILTER(RAW_DATA!$Z:$Z,EXACT(_xlfn._xlws.FILTER(CONCATENATE(RAW_DATA!$A:$A,RAW_DATA!$B:$B,RAW_DATA!$C:$C),1),$A5)*(RAW_DATA!$V:$V=1)))/$D5),"",SUM(_xlfn._xlws.FILTER(RAW_DATA!$Z:$Z,EXACT(_xlfn._xlws.FILTER(CONCATENATE(RAW_DATA!$A:$A,RAW_DATA!$B:$B,RAW_DATA!$C:$C),1),$A5)*(RAW_DATA!$V:$V=1)))/$D5)} -> 20.192483 | H5: {=IF(ISERR(SUM(_xlfn._xlws.FILTER(RAW_DATA!$E:$E,EXACT(_xlfn._xlws.FILTER(CONCATENATE(RAW_DATA!$A:$A,RAW_DATA!$B:$B,RAW_DATA!$C:$C),1),$A5)*(RAW_DATA!T:T=1)))/$B5),"",SUM(_xlfn._xlws.FILTER(RAW_DATA!$E:$E,EXACT(_xlfn._xlws.FILTER(CONCATENATE(RAW_DATA!$A:$A,RAW_DATA!$B:$B,RAW_DATA!$C:$C),1),$A5)*(RAW_DATA!T:T=1)))/$B5)} | I5: {=IF(ISERR(SUM(_xlfn._xlws.FILTER(RAW_DATA!$E:$E,EXACT(_xlfn._xlws.FILTER(CONCATENATE(RAW_DATA!$A:$A,RAW_DATA!$B:$B,RAW_DATA!$C:$C),1),$A5)*(RAW_DATA!U:U=1)))/$C5),"",SUM(_xlfn._xlws.FILTER(RAW_DATA!$E:$E,EXACT(_xlfn._xlws.FILTER(CONCATENATE(RAW_DATA!$A:$A,RAW_DATA!$B:$B,RAW_DATA!$C:$C),1),$A5)*(RAW_DATA!U:U=1)))/$C5)} | J5: {=IF(ISERR(SUM(_xlfn._xlws.FILTER(RAW_DATA!$E:$E,EXACT(_xlfn._xlws.FILTER(CONCATENATE(RAW_DATA!$A:$A,RAW_DATA!$B:$B,RAW_DATA!$C:$C),1),$A5)*(RAW_DATA!V:V=1)))/$D5),"",SUM(_xlfn._xlws.FILTER(RAW_DATA!$E:$E,EXACT(_xlfn._xlws.FILTER(CONCATENATE(RAW_DATA!$A:$A,RAW_DATA!$B:$B,RAW_DATA!$C:$C),1),$A5)*(RAW_DATA!V:V=1)))/$D5)} -> 0 | K5: {=IF(ISERR(SUM(_xlfn._xlws.FILTER(RAW_DATA!$F:$F,EXACT(_xlfn._xlws.FILTER(CONCATENATE(RAW_DATA!$A:$A,RAW_DATA!$B:$B,RAW_DATA!$C:$C),1),$A5)*(RAW_DATA!T:T=1)))/$B5),"",SUM(_xlfn._xlws.FILTER(RAW_DATA!$F:$F,EXACT(_xlfn._xlws.FILTER(CONCATENATE(RAW_DATA!$A:$A,RAW_DATA!$B:$B,RAW_DATA!$C:$C),1),$A5)*(RAW_DATA!T:T=1)))/$B5)} | L5: {=IF(ISERR(SUM(_xlfn._xlws.FILTER(RAW_DATA!$F:$F,EXACT(_xlfn._xlws.FILTER(CONCATENATE(RAW_DATA!$A:$A,RAW_DATA!$B:$B,RAW_DATA!$C:$C),1),$A5)*(RAW_DATA!U:U=1)))/$C5),"",SUM(_xlfn._xlws.FILTER(RAW_DATA!$F:$F,EXACT(_xlfn._xlws.FILTER(CONCATENATE(RAW_DATA!$A:$A,RAW_DATA!$B:$B,RAW_DATA!$C:$C),1),$A5)*(RAW_DATA!U:U=1)))/$C5)} | M5: {=IF(ISERR(SUM(_xlfn._xlws.FILTER(RAW_DATA!$F:$F,EXACT(_xlfn._xlws.FILTER(CONCATENATE(RAW_DATA!$A:$A,RAW_DATA!$B:$B,RAW_DATA!$C:$C),1),$A5)*(RAW_DATA!V:V=1)))/$D5),"",SUM(_xlfn._xlws.FILTER(RAW_DATA!$F:$F,EXACT(_xlfn._xlws.FILTER(CONCATENATE(RAW_DATA!$A:$A,RAW_DATA!$B:$B,RAW_DATA!$C:$C),1),$A5)*(RAW_DATA!V:V=1)))/$D5)} -> 0.125 | N5: {=IF(ISERR(SUM(_xlfn._xlws.FILTER(RAW_DATA!G:G,EXACT(_xlfn._xlws.FILTER(CONCATENATE(RAW_DATA!$A:$A,RAW_DATA!$B:$B,RAW_DATA!$C:$C),1),$A5)*(RAW_DATA!$T:$T=1)))/$B5),"",SUM(_xlfn._xlws.FILTER(RAW_DATA!G:G,EXACT(_xlfn._xlws.FILTER(CONCATENATE(RAW_DATA!$A:$A,RAW_DATA!$B:$B,RAW_DATA!$C:$C),1),$A5)*(RAW_DATA!$T:$T=1)))/$B5)} | O5: {=IF(ISERR(SUM(_xlfn._xlws.FILTER(RAW_DATA!H:H,EXACT(_xlfn._xlws.FILTER(CONCATENATE(RAW_DATA!$A:$A,RAW_DATA!$B:$B,RAW_DATA!$C:$C),1),$A5)*(RAW_DATA!$T:$T=1)))/$B5),"",SUM(_xlfn._xlws.FILTER(RAW_DATA!H:H,EXACT(_xlfn._xlws.FILTER(CONCATENATE(RAW_DATA!$A:$A,RAW_DATA!$B:$B,RAW_DATA!$C:$C),1),$A5)*(RAW_DATA!$T:$T=1)))/$B5)} | P5: {=IF(ISERR(SUM(_xlfn._xlws.FILTER(RAW_DATA!I:I,EXACT(_xlfn._xlws.FILTER(CONCATENATE(RAW_DATA!$A:$A,RAW_DATA!$B:$B,RAW_DATA!$C:$C),1),$A5)*(RAW_DATA!$T:$T=1)))/$B5),"",SUM(_xlfn._xlws.FILTER(RAW_DATA!I:I,EXACT(_xlfn._xlws.FILTER(CONCATENATE(RAW_DATA!$A:$A,RAW_DATA!$B:$B,RAW_DATA!$C:$C),1),$A5)*(RAW_DATA!$T:$T=1)))/$B5)} | Q5: {=IF(ISERR(SUM(_xlfn._xlws.FILTER(RAW_DATA!J:J,EXACT(_xlfn._xlws.FILTER(CONCATENATE(RAW_DATA!$A:$A,RAW_DATA!$B:$B,RAW_DATA!$C:$C),1),$A5)*(RAW_DATA!$T:$T=1)))/$B5),"",SUM(_xlfn._xlws.FILTER(RAW_DATA!J:J,EXACT(_xlfn._xlws.FILTER(CONCATENATE(RAW_DATA!$A:$A,RAW_DATA!$B:$B,RAW_DATA!$C:$C),1),$A5)*(RAW_DATA!$T:$T=1)))/$B5)} | R5: {=IF(ISERR(SUM(_xlfn._xlws.FILTER(RAW_DATA!K:K,EXACT(_xlfn._xlws.FILTER(CONCATENATE(RAW_DATA!$A:$A,RAW_DATA!$B:$B,RAW_DATA!$C:$C),1),$A5)*(RAW_DATA!$T:$T=1)))/$B5),"",SUM(_xlfn._xlws.FILTER(RAW_DATA!K:K,EXACT(_xlfn._xlws.FILTER(CONCATENATE(RAW_DATA!$A:$A,RAW_DATA!$B:$B,RAW_DATA!$C:$C),1),$A5)*(RAW_DATA!$T:$T=1)))/$B5)} | S5: {=IF(ISERR(SUM(_xlfn._xlws.FILTER(RAW_DATA!L:L,EXACT(_xlfn._xlws.FILTER(CONCATENATE(RAW_DATA!$A:$A,RAW_DATA!$B:$B,RAW_DATA!$C:$C),1),$A5)*(RAW_DATA!$T:$T=1)))/$B5),"",SUM(_xlfn._xlws.FILTER(RAW_DATA!L:L,EXACT(_xlfn._xlws.FILTER(CONCATENATE(RAW_DATA!$A:$A,RAW_DATA!$B:$B,RAW_DATA!$C:$C),1),$A5)*(RAW_DATA!$T:$T=1)))/$B5)} | T5: {=IF(ISERR(SUM(_xlfn._xlws.FILTER(RAW_DATA!M:M,EXACT(_xlfn._xlws.FILTER(CONCATENATE(RAW_DATA!$A:$A,RAW_DATA!$B:$B,RAW_DATA!$C:$C),1),$A5)*(RAW_DATA!$V:$V=1)))/$D5),"",SUM(_xlfn._xlws.FILTER(RAW_DATA!M:M,EXACT(_xlfn._xlws.FILTER(CONCATENATE(RAW_DATA!$A:$A,RAW_DATA!$B:$B,RAW_DATA!$C:$C),1),$A5)*(RAW_DATA!$V:$V=1)))/$D5)} -> 0.809 | U5: {=IF(ISERR(SUM(_xlfn._xlws.FILTER(RAW_DATA!N:N,EXACT(_xlfn._xlws.FILTER(CONCATENATE(RAW_DATA!$A:$A,RAW_DATA!$B:$B,RAW_DATA!$C:$C),1),$A5)*(RAW_DATA!$V:$V=1)))/$D5),"",SUM(_xlfn._xlws.FILTER(RAW_DATA!N:N,EXACT(_xlfn._xlws.FILTER(CONCATENATE(RAW_DATA!$A:$A,RAW_DATA!$B:$B,RAW_DATA!$C:$C),1),$A5)*(RAW_DATA!$V:$V=1)))/$D5)} -> 1.40725 | V5: {=IF(ISERR(SUM(_xlfn._xlws.FILTER(RAW_DATA!O:O,EXACT(_xlfn._xlws.FILTER(CONCATENATE(RAW_DATA!$A:$A,RAW_DATA!$B:$B,RAW_DATA!$C:$C),1),$A5)*(RAW_DATA!$V:$V=1)))/$D5),"",SUM(_xlfn._xlws.FILTER(RAW_DATA!O:O,EXACT(_xlfn._xlws.FILTER(CONCATENATE(RAW_DATA!$A:$A,RAW_DATA!$B:$B,RAW_DATA!$C:$C),1),$A5)*(RAW_DATA!$V:$V=1)))/$D5)} -> -2.4813 | W5: {=IF(ISERR(SUM(_xlfn._xlws.FILTER(RAW_DATA!P:P,EXACT(_xlfn._xlws.FILTER(CONCATENATE(RAW_DATA!$A:$A,RAW_DATA!$B:$B,RAW_DATA!$C:$C),1),$A5)*(RAW_DATA!$V:$V=1)))/$D5),"",SUM(_xlfn._xlws.FILTER(RAW_DATA!P:P,EXACT(_xlfn._xlws.FILTER(CONCATENATE(RAW_DATA!$A:$A,RAW_DATA!$B:$B,RAW_DATA!$C:$C),1),$A5)*(RAW_DATA!$V:$V=1)))/$D5)} -> 1.13925 | X5: {=IF(ISERR(SUM(_xlfn._xlws.FILTER(RAW_DATA!Q:Q,EXACT(_xlfn._xlws.FILTER(CONCATENATE(RAW_DATA!$A:$A,RAW_DATA!$B:$B,RAW_DATA!$C:$C),1),$A5)*(RAW_DATA!$V:$V=1)))/$D5),"",SUM(_xlfn._xlws.FILTER(RAW_DATA!Q:Q,EXACT(_xlfn._xlws.FILTER(CONCATENATE(RAW_DATA!$A:$A,RAW_DATA!$B:$B,RAW_DATA!$C:$C),1),$A5)*(RAW_DATA!$V:$V=1)))/$D5)} -> 7.7346 | Y5: {=IF(ISERR(SUM(_xlfn._xlws.FILTER(RAW_DATA!R:R,EXACT(_xlfn._xlws.FILTER(CONCATENATE(RAW_DATA!$A:$A,RAW_DATA!$B:$B,RAW_DATA!$C:$C),1),$A5)*(RAW_DATA!$V:$V=1)))/$D5),"",SUM(_xlfn._xlws.FILTER(RAW_DATA!R:R,EXACT(_xlfn._xlws.FILTER(CONCATENATE(RAW_DATA!$A:$A,RAW_DATA!$B:$B,RAW_DATA!$C:$C),1),$A5)*(RAW_DATA!$V:$V=1)))/$D5)} -> -0.346625 | Z5: {=IF(ISERR(SUM(_xlfn._xlws.FILTER(RAW_DATA!S:S,EXACT(_xlfn._xlws.FILTER(CONCATENATE(RAW_DATA!$A:$A,RAW_DATA!$B:$B,RAW_DATA!$C:$C),1),$A5)*(RAW_DATA!$V:$V=1)))/$D5),"",SUM(_xlfn._xlws.FILTER(RAW_DATA!S:S,EXACT(_xlfn._xlws.FILTER(CONCATENATE(RAW_DATA!$A:$A,RAW_DATA!$B:$B,RAW_DATA!$C:$C),1),$A5)*(RAW_DATA!$V:$V=1)))/$D5)} -> 0
A6: Control7VXRPPCSBattery4_8_CONV_STEP | B6: {=IF(ISERR(SUM(_xlfn._xlws.FILTER(RAW_DATA!$T:$T,EXACT(_xlfn._xlws.FILTER(CONCATENATE(RAW_DATA!$A:$A,RAW_DATA!$B:$B,RAW_DATA!$C:$C),1),$A6)))),"",SUM(_xlfn._xlws.FILTER(RAW_DATA!$T:$T,EXACT(_xlfn._xlws.FILTER(CONCATENATE(RAW_DATA!$A:$A,RAW_DATA!$B:$B,RAW_DATA!$C:$C),1),$A6))))} -> 0 | C6: {=IF(ISERR(SUM(_xlfn._xlws.FILTER(RAW_DATA!$U:$U,EXACT(_xlfn._xlws.FILTER(CONCATENATE(RAW_DATA!$A:$A,RAW_DATA!$B:$B,RAW_DATA!$C:$C),1),$A6)))),"",SUM(_xlfn._xlws.FILTER(RAW_DATA!$U:$U,EXACT(_xlfn._xlws.FILTER(CONCATENATE(RAW_DATA!$A:$A,RAW_DATA!$B:$B,RAW_DATA!$C:$C),1),$A6))))} -> 0 | D6: {=IF(ISERR(SUM(_xlfn._xlws.FILTER(RAW_DATA!$V:$V,EXACT(_xlfn._xlws.FILTER(CONCATENATE(RAW_DATA!$A:$A,RAW_DATA!$B:$B,RAW_DATA!$C:$C),1),$A6)))),"",SUM(_xlfn._xlws.FILTER(RAW_DATA!$V:$V,EXACT(_xlfn._xlws.FILTER(CONCATENATE(RAW_DATA!$A:$A,RAW_DATA!$B:$B,RAW_DATA!$C:$C),1),$A6))))} -> 9 | E6: {=IF(ISERR(SUM(_xlfn._xlws.FILTER(RAW_DATA!$X:$X,EXACT(_xlfn._xlws.FILTER(CONCATENATE(RAW_DATA!$A:$A,RAW_DATA!$B:$B,RAW_DATA!$C:$C),1),$A6)*(RAW_DATA!$T:$T=1)))/$B6),"",SUM(_xlfn._xlws.FILTER(RAW_DATA!$X:$X,EXACT(_xlfn._xlws.FILTER(CONCATENATE(RAW_DATA!$A:$A,RAW_DATA!$B:$B,RAW_DATA!$C:$C),1),$A6)*(RAW_DATA!$T:$T=1)))/$B6)} | F6: {=IF(ISERR(SUM(_xlfn._xlws.FILTER(RAW_DATA!$Y:$Y,EXACT(_xlfn._xlws.FILTER(CONCATENATE(RAW_DATA!$A:$A,RAW_DATA!$B:$B,RAW_DATA!$C:$C),1),$A6)*(RAW_DATA!$U:$U=1)))/$C6),"",SUM(_xlfn._xlws.FILTER(RAW_DATA!$Y:$Y,EXACT(_xlfn._xlws.FILTER(CONCATENATE(RAW_DATA!$A:$A,RAW_DATA!$B:$B,RAW_DATA!$C:$C),1),$A6)*(RAW_DATA!$U:$U=1)))/$C6)} | G6: {=IF(ISERR(SUM(_xlfn._xlws.FILTER(RAW_DATA!$Z:$Z,EXACT(_xlfn._xlws.FILTER(CONCATENATE(RAW_DATA!$A:$A,RAW_DATA!$B:$B,RAW_DATA!$C:$C),1),$A6)*(RAW_DATA!$V:$V=1)))/$D6),"",SUM(_xlfn._xlws.FILTER(RAW_DATA!$Z:$Z,EXACT(_xlfn._xlws.FILTER(CONCATENATE(RAW_DATA!$A:$A,RAW_DATA!$B:$B,RAW_DATA!$C:$C),1),$A6)*(RAW_DATA!$V:$V=1)))/$D6)} -> 20.192483 | H6: {=IF(ISERR(SUM(_xlfn._xlws.FILTER(RAW_DATA!$E:$E,EXACT(_xlfn._xlws.FILTER(CONCATENATE(RAW_DATA!$A:$A,RAW_DATA!$B:$B,RAW_DATA!$C:$C),1),$A6)*(RAW_DATA!T:T=1)))/$B6),"",SUM(_xlfn._xlws.FILTER(RAW_DATA!$E:$E,EXACT(_xlfn._xlws.FILTER(CONCATENATE(RAW_DATA!$A:$A,RAW_DATA!$B:$B,RAW_DATA!$C:$C),1),$A6)*(RAW_DATA!T:T=1)))/$B6)} | I6: {=IF(ISERR(SUM(_xlfn._xlws.FILTER(RAW_DATA!$E:$E,EXACT(_xlfn._xlws.FILTER(CONCATENATE(RAW_DATA!$A:$A,RAW_DATA!$B:$B,RAW_DATA!$C:$C),1),$A6)*(RAW_DATA!U:U=1)))/$C6),"",SUM(_xlfn._xlws.FILTER(RAW_DATA!$E:$E,EXACT(_xlfn._xlws.FILTER(CONCATENATE(RAW_DATA!$A:$A,RAW_DATA!$B:$B,RAW_DATA!$C:$C),1),$A6)*(RAW_DATA!U:U=1)))/$C6)} | J6: {=IF(ISERR(SUM(_xlfn._xlws.FILTER(RAW_DATA!$E:$E,EXACT(_xlfn._xlws.FILTER(CONCATENATE(RAW_DATA!$A:$A,RAW_DATA!$B:$B,RAW_DATA!$C:$C),1),$A6)*(RAW_DATA!V:V=1)))/$D6),"",SUM(_xlfn._xlws.FILTER(RAW_DATA!$E:$E,EXACT(_xlfn._xlws.FILTER(CONCATENATE(RAW_DATA!$A:$A,RAW_DATA!$B:$B,RAW_DATA!$C:$C),1),$A6)*(RAW_DATA!V:V=1)))/$D6)} -> 0 | K6: {=IF(ISERR(SUM(_xlfn._xlws.FILTER(RAW_DATA!$F:$F,EXACT(_xlfn._xlws.FILTER(CONCATENATE(RAW_DATA!$A:$A,RAW_DATA!$B:$B,RAW_DATA!$C:$C),1),$A6)*(RAW_DATA!T:T=1)))/$B6),"",SUM(_xlfn._xlws.FILTER(RAW_DATA!$F:$F,EXACT(_xlfn._xlws.FILTER(CONCATENATE(RAW_DATA!$A:$A,RAW_DATA!$B:$B,RAW_DATA!$C:$C),1),$A6)*(RAW_DATA!T:T=1)))/$B6)} | L6: {=IF(ISERR(SUM(_xlfn._xlws.FILTER(RAW_DATA!$F:$F,EXACT(_xlfn._xlws.FILTER(CONCATENATE(RAW_DATA!$A:$A,RAW_DATA!$B:$B,RAW_DATA!$C:$C),1),$A6)*(RAW_DATA!U:U=1)))/$C6),"",SUM(_xlfn._xlws.FILTER(RAW_DATA!$F:$F,EXACT(_xlfn._xlws.FILTER(CONCATENATE(RAW_DATA!$A:$A,RAW_DATA!$B:$B,RAW_DATA!$C:$C),1),$A6)*(RAW_DATA!U:U=1)))/$C6)} | M6: {=IF(ISERR(SUM(_xlfn._xlws.FILTER(RAW_DATA!$F:$F,EXACT(_xlfn._xlws.FILTER(CONCATENATE(RAW_DATA!$A:$A,RAW_DATA!$B:$B,RAW_DATA!$C:$C),1),$A6)*(RAW_DATA!V:V=1)))/$D6),"",SUM(_xlfn._xlws.FILTER(RAW_DATA!$F:$F,EXACT(_xlfn._xlws.FILTER(CONCATENATE(RAW_DATA!$A:$A,RAW_DATA!$B:$B,RAW_DATA!$C:$C),1),$A6)*(RAW_DATA!V:V=1)))/$D6)} -> 1.6666667 | N6: {=IF(ISERR(SUM(_xlfn._xlws.FILTER(RAW_DATA!G:G,EXACT(_xlfn._xlws.FILTER(CONCATENATE(RAW_DATA!$A:$A,RAW_DATA!$B:$B,RAW_DATA!$C:$C),1),$A6)*(RAW_DATA!$T:$T=1)))/$B6),"",SUM(_xlfn._xlws.FILTER(RAW_DATA!G:G,EXACT(_xlfn._xlws.FILTER(CONCATENATE(RAW_DATA!$A:$A,RAW_DATA!$B:$B,RAW_DATA!$C:$C),1),$A6)*(RAW_DATA!$T:$T=1)))/$B6)} | O6: {=IF(ISERR(SUM(_xlfn._xlws.FILTER(RAW_DATA!H:H,EXACT(_xlfn._xlws.FILTER(CONCATENATE(RAW_DATA!$A:$A,RAW_DATA!$B:$B,RAW_DATA!$C:$C),1),$A6)*(RAW_DATA!$T:$T=1)))/$B6),"",SUM(_xlfn._xlws.FILTER(RAW_DATA!H:H,EXACT(_xlfn._xlws.FILTER(CONCATENATE(RAW_DATA!$A:$A,RAW_DATA!$B:$B,RAW_DATA!$C:$C),1),$A6)*(RAW_DATA!$T:$T=1)))/$B6)} | P6: {=IF(ISERR(SUM(_xlfn._xlws.FILTER(RAW_DATA!I:I,EXACT(_xlfn._xlws.FILTER(CONCATENATE(RAW_DATA!$A:$A,RAW_DATA!$B:$B,RAW_DATA!$C:$C),1),$A6)*(RAW_DATA!$T:$T=1)))/$B6),"",SUM(_xlfn._xlws.FILTER(RAW_DATA!I:I,EXACT(_xlfn._xlws.FILTER(CONCATENATE(RAW_DATA!$A:$A,RAW_DATA!$B:$B,RAW_DATA!$C:$C),1),$A6)*(RAW_DATA!$T:$T=1)))/$B6)} | Q6: {=IF(ISERR(SUM(_xlfn._xlws.FILTER(RAW_DATA!J:J,EXACT(_xlfn._xlws.FILTER(CONCATENATE(RAW_DATA!$A:$A,RAW_DATA!$B:$B,RAW_DATA!$C:$C),1),$A6)*(RAW_DATA!$T:$T=1)))/$B6),"",SUM(_xlfn._xlws.FILTER(RAW_DATA!J:J,EXACT(_xlfn._xlws.FILTER(CONCATENATE(RAW_DATA!$A:$A,RAW_DATA!$B:$B,RAW_DATA!$C:$C),1),$A6)*(RAW_DATA!$T:$T=1)))/$B6)} | R6: {=IF(ISERR(SUM(_xlfn._xlws.FILTER(RAW_DATA!K:K,EXACT(_xlfn._xlws.FILTER(CONCATENATE(RAW_DATA!$A:$A,RAW_DATA!$B:$B,RAW_DATA!$C:$C),1),$A6)*(RAW_DATA!$T:$T=1)))/$B6),"",SUM(_xlfn._xlws.FILTER(RAW_DATA!K:K,EXACT(_xlfn._xlws.FILTER(CONCATENATE(RAW_DATA!$A:$A,RAW_DATA!$B:$B,RAW_DATA!$C:$C),1),$A6)*(RAW_DATA!$T:$T=1)))/$B6)} | S6: {=IF(ISERR(SUM(_xlfn._xlws.FILTER(RAW_DATA!L:L,EXACT(_xlfn._xlws.FILTER(CONCATENATE(RAW_DATA!$A:$A,RAW_DATA!$B:$B,RAW_DATA!$C:$C),1),$A6)*(RAW_DATA!$T:$T=1)))/$B6),"",SUM(_xlfn._xlws.FILTER(RAW_DATA!L:L,EXACT(_xlfn._xlws.FILTER(CONCATENATE(RAW_DATA!$A:$A,RAW_DATA!$B:$B,RAW_DATA!$C:$C),1),$A6)*(RAW_DATA!$T:$T=1)))/$B6)} | T6: {=IF(ISERR(SUM(_xlfn._xlws.FILTER(RAW_DATA!M:M,EXACT(_xlfn._xlws.FILTER(CONCATENATE(RAW_DATA!$A:$A,RAW_DATA!$B:$B,RAW_DATA!$C:$C),1),$A6)*(RAW_DATA!$V:$V=1)))/$D6),"",SUM(_xlfn._xlws.FILTER(RAW_DATA!M:M,EXACT(_xlfn._xlws.FILTER(CONCATENATE(RAW_DATA!$A:$A,RAW_DATA!$B:$B,RAW_DATA!$C:$C),1),$A6)*(RAW_DATA!$V:$V=1)))/$D6)} -> 0.84488889 | U6: {=IF(ISERR(SUM(_xlfn._xlws.FILTER(RAW_DATA!N:N,EXACT(_xlfn._xlws.FILTER(CONCATENATE(RAW_DATA!$A:$A,RAW_DATA!$B:$B,RAW_DATA!$C:$C),1),$A6)*(RAW_DATA!$V:$V=1)))/$D6),"",SUM(_xlfn._xlws.FILTER(RAW_DATA!N:N,EXACT(_xlfn._xlws.FILTER(CONCATENATE(RAW_DATA!$A:$A,RAW_DATA!$B:$B,RAW_DATA!$C:$C),1),$A6)*(RAW_DATA!$V:$V=1)))/$D6)} -> 1.5513333 | V6: {=IF(ISERR(SUM(_xlfn._xlws.FILTER(RAW_DATA!O:O,EXACT(_xlfn._xlws.FILTER(CONCATENATE(RAW_DATA!$A:$A,RAW_DATA!$B:$B,RAW_DATA!$C:$C),1),$A6)*(RAW_DATA!$V:$V=1)))/$D6),"",SUM(_xlfn._xlws.FILTER(RAW_DATA!O:O,EXACT(_xlfn._xlws.FILTER(CONCATENATE(RAW_DATA!$A:$A,RAW_DATA!$B:$B,RAW_DATA!$C:$C),1),$A6)*(RAW_DATA!$V:$V=1)))/$D6)} -> -3.8437444 | W6: {=IF(ISERR(SUM(_xlfn._xlws.FILTER(RAW_DATA!P:P,EXACT(_xlfn._xlws.FILTER(CONCATENATE(RAW_DATA!$A:$A,RAW_DATA!$B:$B,RAW_DATA!$C:$C),1),$A6)*(RAW_DATA!$V:$V=1)))/$D6),"",SUM(_xlfn._xlws.FILTER(RAW_DATA!P:P,EXACT(_xlfn._xlws.FILTER(CONCATENATE(RAW_DATA!$A:$A,RAW_DATA!$B:$B,RAW_DATA!$C:$C),1),$A6)*(RAW_DATA!$V:$V=1)))/$D6)} -> 1.1135556 | X6: {=IF(ISERR(SUM(_xlfn._xlws.FILTER(RAW_DATA!Q:Q,EXACT(_xlfn._xlws.FILTER(CONCATENATE(RAW_DATA!$A:$A,RAW_DATA!$B:$B,RAW_DATA!$C:$C),1),$A6)*(RAW_DATA!$V:$V=1)))/$D6),"",SUM(_xlfn._xlws.FILTER(RAW_DATA!Q:Q,EXACT(_xlfn._xlws.FILTER(CONCATENATE(RAW_DATA!$A:$A,RAW_DATA!$B:$B,RAW_DATA!$C:$C),1),$A6)*(RAW_DATA!$V:$V=1)))/$D6)} -> 10.483951 | Y6: {=IF(ISERR(SUM(_xlfn._xlws.FILTER(RAW_DATA!R:R,EXACT(_xlfn._xlws.FILTER(CONCATENATE(RAW_DATA!$A:$A,RAW_DATA!$B:$B,RAW_DATA!$C:$C),1),$A6)*(RAW_DATA!$V:$V=1)))/$D6),"",SUM(_xlfn._xlws.FILTER(RAW_DATA!R:R,EXACT(_xlfn._xlws.FILTER(CONCATENATE(RAW_DATA!$A:$A,RAW_DATA!$B:$B,RAW_DATA!$C:$C),1),$A6)*(RAW_DATA!$V:$V=1)))/$D6)} -> -0.86155556 | Z6: {=IF(ISERR(SUM(_xlfn._xlws.FILTER(RAW_DATA!S:S,EXACT(_xlfn._xlws.FILTER(CONCATENATE(RAW_DATA!$A:$A,RAW_DATA!$B:$B,RAW_DATA!$C:$C),1),$A6)*(RAW_DATA!$V:$V=1)))/$D6),"",SUM(_xlfn._xlws.FILTER(RAW_DATA!S:S,EXACT(_xlfn._xlws.FILTER(CONCATENATE(RAW_DATA!$A:$A,RAW_DATA!$B:$B,RAW_DATA!$C:$C),1),$A6)*(RAW_DATA!$V:$V=1)))/$D6)} -> 0
A7: NJIT001BasePPCSBattery4_8_CONV_STEP | B7: {=IF(ISERR(SUM(_xlfn._xlws.FILTER(RAW_DATA!$T:$T,EXACT(_xlfn._xlws.FILTER(CONCATENATE(RAW_DATA!$A:$A,RAW_DATA!$B:$B,RAW_DATA!$C:$C),1),$A7)))),"",SUM(_xlfn._xlws.FILTER(RAW_DATA!$T:$T,EXACT(_xlfn._xlws.FILTER(CONCATENATE(RAW_DATA!$A:$A,RAW_DATA!$B:$B,RAW_DATA!$C:$C),1),$A7))))} -> 0 | C7: {=IF(ISERR(SUM(_xlfn._xlws.FILTER(RAW_DATA!$U:$U,EXACT(_xlfn._xlws.FILTER(CONCATENATE(RAW_DATA!$A:$A,RAW_DATA!$B:$B,RAW_DATA!$C:$C),1),$A7)))),"",SUM(_xlfn._xlws.FILTER(RAW_DATA!$U:$U,EXACT(_xlfn._xlws.FILTER(CONCATENATE(RAW_DATA!$A:$A,RAW_DATA!$B:$B,RAW_DATA!$C:$C),1),$A7))))} -> 0 | D7: {=IF(ISERR(SUM(_xlfn._xlws.FILTER(RAW_DATA!$V:$V,EXACT(_xlfn._xlws.FILTER(CONCATENATE(RAW_DATA!$A:$A,RAW_DATA!$B:$B,RAW_DATA!$C:$C),1),$A7)))),"",SUM(_xlfn._xlws.FILTER(RAW_DATA!$V:$V,EXACT(_xlfn._xlws.FILTER(CONCATENATE(RAW_DATA!$A:$A,RAW_DATA!$B:$B,RAW_DATA!$C:$C),1),$A7))))} -> 9 | E7: {=IF(ISERR(SUM(_xlfn._xlws.FILTER(RAW_DATA!$X:$X,EXACT(_xlfn._xlws.FILTER(CONCATENATE(RAW_DATA!$A:$A,RAW_DATA!$B:$B,RAW_DATA!$C:$C),1),$A7)*(RAW_DATA!$T:$T=1)))/$B7),"",SUM(_xlfn._xlws.FILTER(RAW_DATA!$X:$X,EXACT(_xlfn._xlws.FILTER(CONCATENATE(RAW_DATA!$A:$A,RAW_DATA!$B:$B,RAW_DATA!$C:$C),1),$A7)*(RAW_DATA!$T:$T=1)))/$B7)} | F7: {=IF(ISERR(SUM(_xlfn._xlws.FILTER(RAW_DATA!$Y:$Y,EXACT(_xlfn._xlws.FILTER(CONCATENATE(RAW_DATA!$A:$A,RAW_DATA!$B:$B,RAW_DATA!$C:$C),1),$A7)*(RAW_DATA!$U:$U=1)))/$C7),"",SUM(_xlfn._xlws.FILTER(RAW_DATA!$Y:$Y,EXACT(_xlfn._xlws.FILTER(CONCATENATE(RAW_DATA!$A:$A,RAW_DATA!$B:$B,RAW_DATA!$C:$C),1),$A7)*(RAW_DATA!$U:$U=1)))/$C7)} | G7: {=IF(ISERR(SUM(_xlfn._xlws.FILTER(RAW_DATA!$Z:$Z,EXACT(_xlfn._xlws.FILTER(CONCATENATE(RAW_DATA!$A:$A,RAW_DATA!$B:$B,RAW_DATA!$C:$C),1),$A7)*(RAW_DATA!$V:$V=1)))/$D7),"",SUM(_xlfn._xlws.FILTER(RAW_DATA!$Z:$Z,EXACT(_xlfn._xlws.FILTER(CONCATENATE(RAW_DATA!$A:$A,RAW_DATA!$B:$B,RAW_DATA!$C:$C),1),$A7)*(RAW_DATA!$V:$V=1)))/$D7)} -> 20.1925 | H7: {=IF(ISERR(SUM(_xlfn._xlws.FILTER(RAW_DATA!$E:$E,EXACT(_xlfn._xlws.FILTER(CONCATENATE(RAW_DATA!$A:$A,RAW_DATA!$B:$B,RAW_DATA!$C:$C),1),$A7)*(RAW_DATA!T:T=1)))/$B7),"",SUM(_xlfn._xlws.FILTER(RAW_DATA!$E:$E,EXACT(_xlfn._xlws.FILTER(CONCATENATE(RAW_DATA!$A:$A,RAW_DATA!$B:$B,RAW_DATA!$C:$C),1),$A7)*(RAW_DATA!T:T=1)))/$B7)} | I7: {=IF(ISERR(SUM(_xlfn._xlws.FILTER(RAW_DATA!$E:$E,EXACT(_xlfn._xlws.FILTER(CONCATENATE(RAW_DATA!$A:$A,RAW_DATA!$B:$B,RAW_DATA!$C:$C),1),$A7)*(RAW_DATA!U:U=1)))/$C7),"",SUM(_xlfn._xlws.FILTER(RAW_DATA!$E:$E,EXACT(_xlfn._xlws.FILTER(CONCATENATE(RAW_DATA!$A:$A,RAW_DATA!$B:$B,RAW_DATA!$C:$C),1),$A7)*(RAW_DATA!U:U=1)))/$C7)} | J7: {=IF(ISERR(SUM(_xlfn._xlws.FILTER(RAW_DATA!$E:$E,EXACT(_xlfn._xlws.FILTER(CONCATENATE(RAW_DATA!$A:$A,RAW_DATA!$B:$B,RAW_DATA!$C:$C),1),$A7)*(RAW_DATA!V:V=1)))/$D7),"",SUM(_xlfn._xlws.FILTER(RAW_DATA!$E:$E,EXACT(_xlfn._xlws.FILTER(CONCATENATE(RAW_DATA!$A:$A,RAW_DATA!$B:$B,RAW_DATA!$C:$C),1),$A7)*(RAW_DATA!V:V=1)))/$D7)} -> 0 | K7: {=IF(ISERR(SUM(_xlfn._xlws.FILTER(RAW_DATA!$F:$F,EXACT(_xlfn._xlws.FILTER(CONCATENATE(RAW_DATA!$A:$A,RAW_DATA!$B:$B,RAW_DATA!$C:$C),1),$A7)*(RAW_DATA!T:T=1)))/$B7),"",SUM(_xlfn._xlws.FILTER(RAW_DATA!$F:$F,EXACT(_xlfn._xlws.FILTER(CONCATENATE(RAW_DATA!$A:$A,RAW_DATA!$B:$B,RAW_DATA!$C:$C),1),$A7)*(RAW_DATA!T:T=1)))/$B7)} | L7: {=IF(ISERR(SUM(_xlfn._xlws.FILTER(RAW_DATA!$F:$F,EXACT(_xlfn._xlws.FILTER(CONCATENATE(RAW_DATA!$A:$A,RAW_DATA!$B:$B,RAW_DATA!$C:$C),1),$A7)*(RAW_DATA!U:U=1)))/$C7),"",SUM(_xlfn._xlws.FILTER(RAW_DATA!$F:$F,EXACT(_xlfn._xlws.FILTER(CONCATENATE(RAW_DATA!$A:$A,RAW_DATA!$B:$B,RAW_DATA!$C:$C),1),$A7)*(RAW_DATA!U:U=1)))/$C7)} | M7: {=IF(ISERR(SUM(_xlfn._xlws.FILTER(RAW_DATA!$F:$F,EXACT(_xlfn._xlws.FILTER(CONCATENATE(RAW_DATA!$A:$A,RAW_DATA!$B:$B,RAW_DATA!$C:$C),1),$A7)*(RAW_DATA!V:V=1)))/$D7),"",SUM(_xlfn._xlws.FILTER(RAW_DATA!$F:$F,EXACT(_xlfn._xlws.FILTER(CONCATENATE(RAW_DATA!$A:$A,RAW_DATA!$B:$B,RAW_DATA!$C:$C),1),$A7)*(RAW_DATA!V:V=1)))/$D7)} -> 0 | N7: {=IF(ISERR(SUM(_xlfn._xlws.FILTER(RAW_DATA!G:G,EXACT(_xlfn._xlws.FILTER(CONCATENATE(RAW_DATA!$A:$A,RAW_DATA!$B:$B,RAW_DATA!$C:$C),1),$A7)*(RAW_DATA!$T:$T=1)))/$B7),"",SUM(_xlfn._xlws.FILTER(RAW_DATA!G:G,EXACT(_xlfn._xlws.FILTER(CONCATENATE(RAW_DATA!$A:$A,RAW_DATA!$B:$B,RAW_DATA!$C:$C),1),$A7)*(RAW_DATA!$T:$T=1)))/$B7)} | O7: {=IF(ISERR(SUM(_xlfn._xlws.FILTER(RAW_DATA!H:H,EXACT(_xlfn._xlws.FILTER(CONCATENATE(RAW_DATA!$A:$A,RAW_DATA!$B:$B,RAW_DATA!$C:$C),1),$A7)*(RAW_DATA!$T:$T=1)))/$B7),"",SUM(_xlfn._xlws.FILTER(RAW_DATA!H:H,EXACT(_xlfn._xlws.FILTER(CONCATENATE(RAW_DATA!$A:$A,RAW_DATA!$B:$B,RAW_DATA!$C:$C),1),$A7)*(RAW_DATA!$T:$T=1)))/$B7)} | P7: {=IF(ISERR(SUM(_xlfn._xlws.FILTER(RAW_DATA!I:I,EXACT(_xlfn._xlws.FILTER(CONCATENATE(RAW_DATA!$A:$A,RAW_DATA!$B:$B,RAW_DATA!$C:$C),1),$A7)*(RAW_DATA!$T:$T=1)))/$B7),"",SUM(_xlfn._xlws.FILTER(RAW_DATA!I:I,EXACT(_xlfn._xlws.FILTER(CONCATENATE(RAW_DATA!$A:$A,RAW_DATA!$B:$B,RAW_DATA!$C:$C),1),$A7)*(RAW_DATA!$T:$T=1)))/$B7)} | Q7: {=IF(ISERR(SUM(_xlfn._xlws.FILTER(RAW_DATA!J:J,EXACT(_xlfn._xlws.FILTER(CONCATENATE(RAW_DATA!$A:$A,RAW_DATA!$B:$B,RAW_DATA!$C:$C),1),$A7)*(RAW_DATA!$T:$T=1)))/$B7),"",SUM(_xlfn._xlws.FILTER(RAW_DATA!J:J,EXACT(_xlfn._xlws.FILTER(CONCATENATE(RAW_DATA!$A:$A,RAW_DATA!$B:$B,RAW_DATA!$C:$C),1),$A7)*(RAW_DATA!$T:$T=1)))/$B7)} | R7: {=IF(ISERR(SUM(_xlfn._xlws.FILTER(RAW_DATA!K:K,EXACT(_xlfn._xlws.FILTER(CONCATENATE(RAW_DATA!$A:$A,RAW_DATA!$B:$B,RAW_DATA!$C:$C),1),$A7)*(RAW_DATA!$T:$T=1)))/$B7),"",SUM(_xlfn._xlws.FILTER(RAW_DATA!K:K,EXACT(_xlfn._xlws.FILTER(CONCATENATE(RAW_DATA!$A:$A,RAW_DATA!$B:$B,RAW_DATA!$C:$C),1),$A7)*(RAW_DATA!$T:$T=1)))/$B7)} | S7: {=IF(ISERR(SUM(_xlfn._xlws.FILTER(RAW_DATA!L:L,EXACT(_xlfn._xlws.FILTER(CONCATENATE(RAW_DATA!$A:$A,RAW_DATA!$B:$B,RAW_DATA!$C:$C),1),$A7)*(RAW_DATA!$T:$T=1)))/$B7),"",SUM(_xlfn._xlws.FILTER(RAW_DATA!L:L,EXACT(_xlfn._xlws.FILTER(CONCATENATE(RAW_DATA!$A:$A,RAW_DATA!$B:$B,RAW_DATA!$C:$C),1),$A7)*(RAW_DATA!$T:$T=1)))/$B7)} | T7: {=IF(ISERR(SUM(_xlfn._xlws.FILTER(RAW_DATA!M:M,EXACT(_xlfn._xlws.FILTER(CONCATENATE(RAW_DATA!$A:$A,RAW_DATA!$B:$B,RAW_DATA!$C:$C),1),$A7)*(RAW_DATA!$V:$V=1)))/$D7),"",SUM(_xlfn._xlws.FILTER(RAW_DATA!M:M,EXACT(_xlfn._xlws.FILTER(CONCATENATE(RAW_DATA!$A:$A,RAW_DATA!$B:$B,RAW_DATA!$C:$C),1),$A7)*(RAW_DATA!$V:$V=1)))/$D7)} -> 0.76311111 | U7: {=IF(ISERR(SUM(_xlfn._xlws.FILTER(RAW_DATA!N:N,EXACT(_xlfn._xlws.FILTER(CONCATENATE(RAW_DATA!$A:$A,RAW_DATA!$B:$B,RAW_DATA!$C:$C),1),$A7)*(RAW_DATA!$V:$V=1)))/$D7),"",SUM(_xlfn._xlws.FILTER(RAW_DATA!N:N,EXACT(_xlfn._xlws.FILTER(CONCATENATE(RAW_DATA!$A:$A,RAW_DATA!$B:$B,RAW_DATA!$C:$C),1),$A7)*(RAW_DATA!$V:$V=1)))/$D7)} -> 1.5597778 | V7: {=IF(ISERR(SUM(_xlfn._xlws.FILTER(RAW_DATA!O:O,EXACT(_xlfn._xlws.FILTER(CONCATENATE(RAW_DATA!$A:$A,RAW_DATA!$B:$B,RAW_DATA!$C:$C),1),$A7)*(RAW_DATA!$V:$V=1)))/$D7),"",SUM(_xlfn._xlws.FILTER(RAW_DATA!O:O,EXACT(_xlfn._xlws.FILTER(CONCATENATE(RAW_DATA!$A:$A,RAW_DATA!$B:$B,RAW_DATA!$C:$C),1),$A7)*(RAW_DATA!$V:$V=1)))/$D7)} -> -2.0464556 | W7: {=IF(ISERR(SUM(_xlfn._xlws.FILTER(RAW_DATA!P:P,EXACT(_xlfn._xlws.FILTER(CONCATENATE(RAW_DATA!$A:$A,RAW_DATA!$B:$B,RAW_DATA!$C:$C),1),$A7)*(RAW_DATA!$V:$V=1)))/$D7),"",SUM(_xlfn._xlws.FILTER(RAW_DATA!P:P,EXACT(_xlfn._xlws.FILTER(CONCATENATE(RAW_DATA!$A:$A,RAW_DATA!$B:$B,RAW_DATA!$C:$C),1),$A7)*(RAW_DATA!$V:$V=1)))/$D7)} -> 1.1293333 | X7: {=IF(ISERR(SUM(_xlfn._xlws.FILTER(RAW_DATA!Q:Q,EXACT(_xlfn._xlws.FILTER(CONCATENATE(RAW_DATA!$A:$A,RAW_DATA!$B:$B,RAW_DATA!$C:$C),1),$A7)*(RAW_DATA!$V:$V=1)))/$D7),"",SUM(_xlfn._xlws.FILTER(RAW_DATA!Q:Q,EXACT(_xlfn._xlws.FILTER(CONCATENATE(RAW_DATA!$A:$A,RAW_DATA!$B:$B,RAW_DATA!$C:$C),1),$A7)*(RAW_DATA!$V:$V=1)))/$D7)} -> 7.2765667 | Y7: {=IF(ISERR(SUM(_xlfn._xlws.FILTER(RAW_DATA!R:R,EXACT(_xlfn._xlws.FILTER(CONCATENATE(RAW_DATA!$A:$A,RAW_DATA!$B:$B,RAW_DATA!$C:$C),1),$A7)*(RAW_DATA!$V:$V=1)))/$D7),"",SUM(_xlfn._xlws.FILTER(RAW_DATA!R:R,EXACT(_xlfn._xlws.FILTER(CONCATENATE(RAW_DATA!$A:$A,RAW_DATA!$B:$B,RAW_DATA!$C:$C),1),$A7)*(RAW_DATA!$V:$V=1)))/$D7)} -> -1.428 | Z7: {=IF(ISERR(SUM(_xlfn._xlws.FILTER(RAW_DATA!S:S,EXACT(_xlfn._xlws.FILTER(CONCATENATE(RAW_DATA!$A:$A,RAW_DATA!$B:$B,RAW_DATA!$C:$C),1),$A7)*(RAW_DATA!$V:$V=1)))/$D7),"",SUM(_xlfn._xlws.FILTER(RAW_DATA!S:S,EXACT(_xlfn._xlws.FILTER(CONCATENATE(RAW_DATA!$A:$A,RAW_DATA!$B:$B,RAW_DATA!$C:$C),1),$A7)*(RAW_DATA!$V:$V=1)))/$D7)} -> 0
A8: NJIT002BasePPCSBattery4_8_CONV_STEP | B8: {=IF(ISERR(SUM(_xlfn._xlws.FILTER(RAW_DATA!$T:$T,EXACT(_xlfn._xlws.FILTER(CONCATENATE(RAW_DATA!$A:$A,RAW_DATA!$B:$B,RAW_DATA!$C:$C),1),$A8)))),"",SUM(_xlfn._xlws.FILTER(RAW_DATA!$T:$T,EXACT(_xlfn._xlws.FILTER(CONCATENATE(RAW_DATA!$A:$A,RAW_DATA!$B:$B,RAW_DATA!$C:$C),1),$A8))))} -> 0 | C8: {=IF(ISERR(SUM(_xlfn._xlws.FILTER(RAW_DATA!$U:$U,EXACT(_xlfn._xlws.FILTER(CONCATENATE(RAW_DATA!$A:$A,RAW_DATA!$B:$B,RAW_DATA!$C:$C),1),$A8)))),"",SUM(_xlfn._xlws.FILTER(RAW_DATA!$U:$U,EXACT(_xlfn._xlws.FILTER(CONCATENATE(RAW_DATA!$A:$A,RAW_DATA!$B:$B,RAW_DATA!$C:$C),1),$A8))))} -> 0 | D8: {=IF(ISERR(SUM(_xlfn._xlws.FILTER(RAW_DATA!$V:$V,EXACT(_xlfn._xlws.FILTER(CONCATENATE(RAW_DATA!$A:$A,RAW_DATA!$B:$B,RAW_DATA!$C:$C),1),$A8)))),"",SUM(_xlfn._xlws.FILTER(RAW_DATA!$V:$V,EXACT(_xlfn._xlws.FILTER(CONCATENATE(RAW_DATA!$A:$A,RAW_DATA!$B:$B,RAW_DATA!$C:$C),1),$A8))))} -> 2 | E8: {=IF(ISERR(SUM(_xlfn._xlws.FILTER(RAW_DATA!$X:$X,EXACT(_xlfn._xlws.FILTER(CONCATENATE(RAW_DATA!$A:$A,RAW_DATA!$B:$B,RAW_DATA!$C:$C),1),$A8)*(RAW_DATA!$T:$T=1)))/$B8),"",SUM(_xlfn._xlws.FILTER(RAW_DATA!$X:$X,EXACT(_xlfn._xlws.FILTER(CONCATENATE(RAW_DATA!$A:$A,RAW_DATA!$B:$B,RAW_DATA!$C:$C),1),$A8)*(RAW_DATA!$T:$T=1)))/$B8)} | F8: {=IF(ISERR(SUM(_xlfn._xlws.FILTER(RAW_DATA!$Y:$Y,EXACT(_xlfn._xlws.FILTER(CONCATENATE(RAW_DATA!$A:$A,RAW_DATA!$B:$B,RAW_DATA!$C:$C),1),$A8)*(RAW_DATA!$U:$U=1)))/$C8),"",SUM(_xlfn._xlws.FILTER(RAW_DATA!$Y:$Y,EXACT(_xlfn._xlws.FILTER(CONCATENATE(RAW_DATA!$A:$A,RAW_DATA!$B:$B,RAW_DATA!$C:$C),1),$A8)*(RAW_DATA!$U:$U=1)))/$C8)} | G8: {=IF(ISERR(SUM(_xlfn._xlws.FILTER(RAW_DATA!$Z:$Z,EXACT(_xlfn._xlws.FILTER(CONCATENATE(RAW_DATA!$A:$A,RAW_DATA!$B:$B,RAW_DATA!$C:$C),1),$A8)*(RAW_DATA!$V:$V=1)))/$D8),"",SUM(_xlfn._xlws.FILTER(RAW_DATA!$Z:$Z,EXACT(_xlfn._xlws.FILTER(CONCATENATE(RAW_DATA!$A:$A,RAW_DATA!$B:$B,RAW_DATA!$C:$C),1),$A8)*(RAW_DATA!$V:$V=1)))/$D8)} -> 20.1925 | H8: {=IF(ISERR(SUM(_xlfn._xlws.FILTER(RAW_DATA!$E:$E,EXACT(_xlfn._xlws.FILTER(CONCATENATE(RAW_DATA!$A:$A,RAW_DATA!$B:$B,RAW_DATA!$C:$C),1),$A8)*(RAW_DATA!T:T=1)))/$B8),"",SUM(_xlfn._xlws.FILTER(RAW_DATA!$E:$E,EXACT(_xlfn._xlws.FILTER(CONCATENATE(RAW_DATA!$A:$A,RAW_DATA!$B:$B,RAW_DATA!$C:$C),1),$A8)*(RAW_DATA!T:T=1)))/$B8)} | I8: {=IF(ISERR(SUM(_xlfn._xlws.FILTER(RAW_DATA!$E:$E,EXACT(_xlfn._xlws.FILTER(CONCATENATE(RAW_DATA!$A:$A,RAW_DATA!$B:$B,RAW_DATA!$C:$C),1),$A8)*(RAW_DATA!U:U=1)))/$C8),"",SUM(_xlfn._xlws.FILTER(RAW_DATA!$E:$E,EXACT(_xlfn._xlws.FILTER(CONCATENATE(RAW_DATA!$A:$A,RAW_DATA!$B:$B,RAW_DATA!$C:$C),1),$A8)*(RAW_DATA!U:U=1)))/$C8)} | J8: {=IF(ISERR(SUM(_xlfn._xlws.FILTER(RAW_DATA!$E:$E,EXACT(_xlfn._xlws.FILTER(CONCATENATE(RAW_DATA!$A:$A,RAW_DATA!$B:$B,RAW_DATA!$C:$C),1),$A8)*(RAW_DATA!V:V=1)))/$D8),"",SUM(_xlfn._xlws.FILTER(RAW_DATA!$E:$E,EXACT(_xlfn._xlws.FILTER(CONCATENATE(RAW_DATA!$A:$A,RAW_DATA!$B:$B,RAW_DATA!$C:$C),1),$A8)*(RAW_DATA!V:V=1)))/$D8)} -> 0 | K8: {=IF(ISERR(SUM(_xlfn._xlws.FILTER(RAW_DATA!$F:$F,EXACT(_xlfn._xlws.FILTER(CONCATENATE(RAW_DATA!$A:$A,RAW_DATA!$B:$B,RAW_DATA!$C:$C),1),$A8)*(RAW_DATA!T:T=1)))/$B8),"",SUM(_xlfn._xlws.FILTER(RAW_DATA!$F:$F,EXACT(_xlfn._xlws.FILTER(CONCATENATE(RAW_DATA!$A:$A,RAW_DATA!$B:$B,RAW_DATA!$C:$C),1),$A8)*(RAW_DATA!T:T=1)))/$B8)} | L8: {=IF(ISERR(SUM(_xlfn._xlws.FILTER(RAW_DATA!$F:$F,EXACT(_xlfn._xlws.FILTER(CONCATENATE(RAW_DATA!$A:$A,RAW_DATA!$B:$B,RAW_DATA!$C:$C),1),$A8)*(RAW_DATA!U:U=1)))/$C8),"",SUM(_xlfn._xlws.FILTER(RAW_DATA!$F:$F,EXACT(_xlfn._xlws.FILTER(CONCATENATE(RAW_DATA!$A:$A,RAW_DATA!$B:$B,RAW_DATA!$C:$C),1),$A8)*(RAW_DATA!U:U=1)))/$C8)} | M8: {=IF(ISERR(SUM(_xlfn._xlws.FILTER(RAW_DATA!$F:$F,EXACT(_xlfn._xlws.FILTER(CONCATENATE(RAW_DATA!$A:$A,RAW_DATA!$B:$B,RAW_DATA!$C:$C),1),$A8)*(RAW_DATA!V:V=1)))/$D8),"",SUM(_xlfn._xlws.FILTER(RAW_DATA!$F:$F,EXACT(_xlfn._xlws.FILTER(CONCATENATE(RAW_DATA!$A:$A,RAW_DATA!$B:$B,RAW_DATA!$C:$C),1),$A8)*(RAW_DATA!V:V=1)))/$D8)} -> 0.5 | N8: {=IF(ISERR(SUM(_xlfn._xlws.FILTER(RAW_DATA!G:G,EXACT(_xlfn._xlws.FILTER(CONCATENATE(RAW_DATA!$A:$A,RAW_DATA!$B:$B,RAW_DATA!$C:$C),1),$A8)*(RAW_DATA!$T:$T=1)))/$B8),"",SUM(_xlfn._xlws.FILTER(RAW_DATA!G:G,EXACT(_xlfn._xlws.FILTER(CONCATENATE(RAW_DATA!$A:$A,RAW_DATA!$B:$B,RAW_DATA!$C:$C),1),$A8)*(RAW_DATA!$T:$T=1)))/$B8)} | O8: {=IF(ISERR(SUM(_xlfn._xlws.FILTER(RAW_DATA!H:H,EXACT(_xlfn._xlws.FILTER(CONCATENATE(RAW_DATA!$A:$A,RAW_DATA!$B:$B,RAW_DATA!$C:$C),1),$A8)*(RAW_DATA!$T:$T=1)))/$B8),"",SUM(_xlfn._xlws.FILTER(RAW_DATA!H:H,EXACT(_xlfn._xlws.FILTER(CONCATENATE(RAW_DATA!$A:$A,RAW_DATA!$B:$B,RAW_DATA!$C:$C),1),$A8)*(RAW_DATA!$T:$T=1)))/$B8)} | P8: {=IF(ISERR(SUM(_xlfn._xlws.FILTER(RAW_DATA!I:I,EXACT(_xlfn._xlws.FILTER(CONCATENATE(RAW_DATA!$A:$A,RAW_DATA!$B:$B,RAW_DATA!$C:$C),1),$A8)*(RAW_DATA!$T:$T=1)))/$B8),"",SUM(_xlfn._xlws.FILTER(RAW_DATA!I:I,EXACT(_xlfn._xlws.FILTER(CONCATENATE(RAW_DATA!$A:$A,RAW_DATA!$B:$B,RAW_DATA!$C:$C),1),$A8)*(RAW_DATA!$T:$T=1)))/$B8)} | Q8: {=IF(ISERR(SUM(_xlfn._xlws.FILTER(RAW_DATA!J:J,EXACT(_xlfn._xlws.FILTER(CONCATENATE(RAW_DATA!$A:$A,RAW_DATA!$B:$B,RAW_DATA!$C:$C),1),$A8)*(RAW_DATA!$T:$T=1)))/$B8),"",SUM(_xlfn._xlws.FILTER(RAW_DATA!J:J,EXACT(_xlfn._xlws.FILTER(CONCATENATE(RAW_DATA!$A:$A,RAW_DATA!$B:$B,RAW_DATA!$C:$C),1),$A8)*(RAW_DATA!$T:$T=1)))/$B8)} | R8: {=IF(ISERR(SUM(_xlfn._xlws.FILTER(RAW_DATA!K:K,EXACT(_xlfn._xlws.FILTER(CONCATENATE(RAW_DATA!$A:$A,RAW_DATA!$B:$B,RAW_DATA!$C:$C),1),$A8)*(RAW_DATA!$T:$T=1)))/$B8),"",SUM(_xlfn._xlws.FILTER(RAW_DATA!K:K,EXACT(_xlfn._xlws.FILTER(CONCATENATE(RAW_DATA!$A:$A,RAW_DATA!$B:$B,RAW_DATA!$C:$C),1),$A8)*(RAW_DATA!$T:$T=1)))/$B8)} | S8: {=IF(ISERR(SUM(_xlfn._xlws.FILTER(RAW_DATA!L:L,EXACT(_xlfn._xlws.FILTER(CONCATENATE(RAW_DATA!$A:$A,RAW_DATA!$B:$B,RAW_DATA!$C:$C),1),$A8)*(RAW_DATA!$T:$T=1)))/$B8),"",SUM(_xlfn._xlws.FILTER(RAW_DATA!L:L,EXACT(_xlfn._xlws.FILTER(CONCATENATE(RAW_DATA!$A:$A,RAW_DATA!$B:$B,RAW_DATA!$C:$C),1),$A8)*(RAW_DATA!$T:$T=1)))/$B8)} | T8: {=IF(ISERR(SUM(_xlfn._xlws.FILTER(RAW_DATA!M:M,EXACT(_xlfn._xlws.FILTER(CONCATENATE(RAW_DATA!$A:$A,RAW_DATA!$B:$B,RAW_DATA!$C:$C),1),$A8)*(RAW_DATA!$V:$V=1)))/$D8),"",SUM(_xlfn._xlws.FILTER(RAW_DATA!M:M,EXACT(_xlfn._xlws.FILTER(CONCATENATE(RAW_DATA!$A:$A,RAW_DATA!$B:$B,RAW_DATA!$C:$C),1),$A8)*(RAW_DATA!$V:$V=1)))/$D8)} -> 0.745 | U8: {=IF(ISERR(SUM(_xlfn._xlws.FILTER(RAW_DATA!N:N,EXACT(_xlfn._xlws.FILTER(CONCATENATE(RAW_DATA!$A:$A,RAW_DATA!$B:$B,RAW_DATA!$C:$C),1),$A8)*(RAW_DATA!$V:$V=1)))/$D8),"",SUM(_xlfn._xlws.FILTER(RAW_DATA!N:N,EXACT(_xlfn._xlws.FILTER(CONCATENATE(RAW_DATA!$A:$A,RAW_DATA!$B:$B,RAW_DATA!$C:$C),1),$A8)*(RAW_DATA!$V:$V=1)))/$D8)} -> 1.195 | V8: {=IF(ISERR(SUM(_xlfn._xlws.FILTER(RAW_DATA!O:O,EXACT(_xlfn._xlws.FILTER(CONCATENATE(RAW_DATA!$A:$A,RAW_DATA!$B:$B,RAW_DATA!$C:$C),1),$A8)*(RAW_DATA!$V:$V=1)))/$D8),"",SUM(_xlfn._xlws.FILTER(RAW_DATA!O:O,EXACT(_xlfn._xlws.FILTER(CONCATENATE(RAW_DATA!$A:$A,RAW_DATA!$B:$B,RAW_DATA!$C:$C),1),$A8)*(RAW_DATA!$V:$V=1)))/$D8)} -> -1.748585 | W8: {=IF(ISERR(SUM(_xlfn._xlws.FILTER(RAW_DATA!P:P,EXACT(_xlfn._xlws.FILTER(CONCATENATE(RAW_DATA!$A:$A,RAW_DATA!$B:$B,RAW_DATA!$C:$C),1),$A8)*(RAW_DATA!$V:$V=1)))/$D8),"",SUM(_xlfn._xlws.FILTER(RAW_DATA!P:P,EXACT(_xlfn._xlws.FILTER(CONCATENATE(RAW_DATA!$A:$A,RAW_DATA!$B:$B,RAW_DATA!$C:$C),1),$A8)*(RAW_DATA!$V:$V=1)))/$D8)} -> 1.037 | X8: {=IF(ISERR(SUM(_xlfn._xlws.FILTER(RAW_DATA!Q:Q,EXACT(_xlfn._xlws.FILTER(CONCATENATE(RAW_DATA!$A:$A,RAW_DATA!$B:$B,RAW_DATA!$C:$C),1),$A8)*(RAW_DATA!$V:$V=1)))/$D8),"",SUM(_xlfn._xlws.FILTER(RAW_DATA!Q:Q,EXACT(_xlfn._xlws.FILTER(CONCATENATE(RAW_DATA!$A:$A,RAW_DATA!$B:$B,RAW_DATA!$C:$C),1),$A8)*(RAW_DATA!$V:$V=1)))/$D8)} -> 6.11336 | Y8: {=IF(ISERR(SUM(_xlfn._xlws.FILTER(RAW_DATA!R:R,EXACT(_xlfn._xlws.FILTER(CONCATENATE(RAW_DATA!$A:$A,RAW_DATA!$B:$B,RAW_DATA!$C:$C),1),$A8)*(RAW_DATA!$V:$V=1)))/$D8),"",SUM(_xlfn._xlws.FILTER(RAW_DATA!R:R,EXACT(_xlfn._xlws.FILTER(CONCATENATE(RAW_DATA!$A:$A,RAW_DATA!$B:$B,RAW_DATA!$C:$C),1),$A8)*(RAW_DATA!$V:$V=1)))/$D8)} -> -0.835 | Z8: {=IF(ISERR(SUM(_xlfn._xlws.FILTER(RAW_DATA!S:S,EXACT(_xlfn._xlws.FILTER(CONCATENATE(RAW_DATA!$A:$A,RAW_DATA!$B:$B,RAW_DATA!$C:$C),1),$A8)*(RAW_DATA!$V:$V=1)))/$D8),"",SUM(_xlfn._xlws.FILTER(RAW_DATA!S:S,EXACT(_xlfn._xlws.FILTER(CONCATENATE(RAW_DATA!$A:$A,RAW_DATA!$B:$B,RAW_DATA!$C:$C),1),$A8)*(RAW_DATA!$V:$V=1)))/$D8)} -> 0
A9: NJIT003BasePPCSBattery4_8_CONV_STEP | B9: {=IF(ISERR(SUM(_xlfn._xlws.FILTER(RAW_DATA!$T:$T,EXACT(_xlfn._xlws.FILTER(CONCATENATE(RAW_DATA!$A:$A,RAW_DATA!$B:$B,RAW_DATA!$C:$C),1),$A9)))),"",SUM(_xlfn._xlws.FILTER(RAW_DATA!$T:$T,EXACT(_xlfn._xlws.FILTER(CONCATENATE(RAW_DATA!$A:$A,RAW_DATA!$B:$B,RAW_DATA!$C:$C),1),$A9))))} -> 0 | C9: {=IF(ISERR(SUM(_xlfn._xlws.FILTER(RAW_DATA!$U:$U,EXACT(_xlfn._xlws.FILTER(CONCATENATE(RAW_DATA!$A:$A,RAW_DATA!$B:$B,RAW_DATA!$C:$C),1),$A9)))),"",SUM(_xlfn._xlws.FILTER(RAW_DATA!$U:$U,EXACT(_xlfn._xlws.FILTER(CONCATENATE(RAW_DATA!$A:$A,RAW_DATA!$B:$B,RAW_DATA!$C:$C),1),$A9))))} -> 0 | D9: {=IF(ISERR(SUM(_xlfn._xlws.FILTER(RAW_DATA!$V:$V,EXACT(_xlfn._xlws.FILTER(CONCATENATE(RAW_DATA!$A:$A,RAW_DATA!$B:$B,RAW_DATA!$C:$C),1),$A9)))),"",SUM(_xlfn._xlws.FILTER(RAW_DATA!$V:$V,EXACT(_xlfn._xlws.FILTER(CONCATENATE(RAW_DATA!$A:$A,RAW_DATA!$B:$B,RAW_DATA!$C:$C),1),$A9))))} -> 3 | E9: {=IF(ISERR(SUM(_xlfn._xlws.FILTER(RAW_DATA!$X:$X,EXACT(_xlfn._xlws.FILTER(CONCATENATE(RAW_DATA!$A:$A,RAW_DATA!$B:$B,RAW_DATA!$C:$C),1),$A9)*(RAW_DATA!$T:$T=1)))/$B9),"",SUM(_xlfn._xlws.FILTER(RAW_DATA!$X:$X,EXACT(_xlfn._xlws.FILTER(CONCATENATE(RAW_DATA!$A:$A,RAW_DATA!$B:$B,RAW_DATA!$C:$C),1),$A9)*(RAW_DATA!$T:$T=1)))/$B9)} | F9: {=IF(ISERR(SUM(_xlfn._xlws.FILTER(RAW_DATA!$Y:$Y,EXACT(_xlfn._xlws.FILTER(CONCATENATE(RAW_DATA!$A:$A,RAW_DATA!$B:$B,RAW_DATA!$C:$C),1),$A9)*(RAW_DATA!$U:$U=1)))/$C9),"",SUM(_xlfn._xlws.FILTER(RAW_DATA!$Y:$Y,EXACT(_xlfn._xlws.FILTER(CONCATENATE(RAW_DATA!$A:$A,RAW_DATA!$B:$B,RAW_DATA!$C:$C),1),$A9)*(RAW_DATA!$U:$U=1)))/$C9)} | G9: {=IF(ISERR(SUM(_xlfn._xlws.FILTER(RAW_DATA!$Z:$Z,EXACT(_xlfn._xlws.FILTER(CONCATENATE(RAW_DATA!$A:$A,RAW_DATA!$B:$B,RAW_DATA!$C:$C),1),$A9)*(RAW_DATA!$V:$V=1)))/$D9),"",SUM(_xlfn._xlws.FILTER(RAW_DATA!$Z:$Z,EXACT(_xlfn._xlws.FILTER(CONCATENATE(RAW_DATA!$A:$A,RAW_DATA!$B:$B,RAW_DATA!$C:$C),1),$A9)*(RAW_DATA!$V:$V=1)))/$D9)} -> 20.1925 | H9: {=IF(ISERR(SUM(_xlfn._xlws.FILTER(RAW_DATA!$E:$E,EXACT(_xlfn._xlws.FILTER(CONCATENATE(RAW_DATA!$A:$A,RAW_DATA!$B:$B,RAW_DATA!$C:$C),1),$A9)*(RAW_DATA!T:T=1)))/$B9),"",SUM(_xlfn._xlws.FILTER(RAW_DATA!$E:$E,EXACT(_xlfn._xlws.FILTER(CONCATENATE(RAW_DATA!$A:$A,RAW_DATA!$B:$B,RAW_DATA!$C:$C),1),$A9)*(RAW_DATA!T:T=1)))/$B9)} | I9: {=IF(ISERR(SUM(_xlfn._xlws.FILTER(RAW_DATA!$E:$E,EXACT(_xlfn._xlws.FILTER(CONCATENATE(RAW_DATA!$A:$A,RAW_DATA!$B:$B,RAW_DATA!$C:$C),1),$A9)*(RAW_DATA!U:U=1)))/$C9),"",SUM(_xlfn._xlws.FILTER(RAW_DATA!$E:$E,EXACT(_xlfn._xlws.FILTER(CONCATENATE(RAW_DATA!$A:$A,RAW_DATA!$B:$B,RAW_DATA!$C:$C),1),$A9)*(RAW_DATA!U:U=1)))/$C9)} | J9: {=IF(ISERR(SUM(_xlfn._xlws.FILTER(RAW_DATA!$E:$E,EXACT(_xlfn._xlws.FILTER(CONCATENATE(RAW_DATA!$A:$A,RAW_DATA!$B:$B,RAW_DATA!$C:$C),1),$A9)*(RAW_DATA!V:V=1)))/$D9),"",SUM(_xlfn._xlws.FILTER(RAW_DATA!$E:$E,EXACT(_xlfn._xlws.FILTER(CONCATENATE(RAW_DATA!$A:$A,RAW_DATA!$B:$B,RAW_DATA!$C:$C),1),$A9)*(RAW_DATA!V:V=1)))/$D9)} -> 0 | K9: {=IF(ISERR(SUM(_xlfn._xlws.FILTER(RAW_DATA!$F:$F,EXACT(_xlfn._xlws.FILTER(CONCATENATE(RAW_DATA!$A:$A,RAW_DATA!$B:$B,RAW_DATA!$C:$C),1),$A9)*(RAW_DATA!T:T=1)))/$B9),"",SUM(_xlfn._xlws.FILTER(RAW_DATA!$F:$F,EXACT(_xlfn._xlws.FILTER(CONCATENATE(RAW_DATA!$A:$A,RAW_DATA!$B:$B,RAW_DATA!$C:$C),1),$A9)*(RAW_DATA!T:T=1)))/$B9)} | L9: {=IF(ISERR(SUM(_xlfn._xlws.FILTER(RAW_DATA!$F:$F,EXACT(_xlfn._xlws.FILTER(CONCATENATE(RAW_DATA!$A:$A,RAW_DATA!$B:$B,RAW_DATA!$C:$C),1),$A9)*(RAW_DATA!U:U=1)))/$C9),"",SUM(_xlfn._xlws.FILTER(RAW_DATA!$F:$F,EXACT(_xlfn._xlws.FILTER(CONCATENATE(RAW_DATA!$A:$A,RAW_DATA!$B:$B,RAW_DATA!$C:$C),1),$A9)*(RAW_DATA!U:U=1)))/$C9)} | M9: {=IF(ISERR(SUM(_xlfn._xlws.FILTER(RAW_DATA!$F:$F,EXACT(_xlfn._xlws.FILTER(CONCATENATE(RAW_DATA!$A:$A,RAW_DATA!$B:$B,RAW_DATA!$C:$C),1),$A9)*(RAW_DATA!V:V=1)))/$D9),"",SUM(_xlfn._xlws.FILTER(RAW_DATA!$F:$F,EXACT(_xlfn._xlws.FILTER(CONCATENATE(RAW_DATA!$A:$A,RAW_DATA!$B:$B,RAW_DATA!$C:$C),1),$A9)*(RAW_DATA!V:V=1)))/$D9)} -> 0 | N9: {=IF(ISERR(SUM(_xlfn._xlws.FILTER(RAW_DATA!G:G,EXACT(_xlfn._xlws.FILTER(CONCATENATE(RAW_DATA!$A:$A,RAW_DATA!$B:$B,RAW_DATA!$C:$C),1),$A9)*(RAW_DATA!$T:$T=1)))/$B9),"",SUM(_xlfn._xlws.FILTER(RAW_DATA!G:G,EXACT(_xlfn._xlws.FILTER(CONCATENATE(RAW_DATA!$A:$A,RAW_DATA!$B:$B,RAW_DATA!$C:$C),1),$A9)*(RAW_DATA!$T:$T=1)))/$B9)} | O9: {=IF(ISERR(SUM(_xlfn._xlws.FILTER(RAW_DATA!H:H,EXACT(_xlfn._xlws.FILTER(CONCATENATE(RAW_DATA!$A:$A,RAW_DATA!$B:$B,RAW_DATA!$C:$C),1),$A9)*(RAW_DATA!$T:$T=1)))/$B9),"",SUM(_xlfn._xlws.FILTER(RAW_DATA!H:H,EXACT(_xlfn._xlws.FILTER(CONCATENATE(RAW_DATA!$A:$A,RAW_DATA!$B:$B,RAW_DATA!$C:$C),1),$A9)*(RAW_DATA!$T:$T=1)))/$B9)} | P9: {=IF(ISERR(SUM(_xlfn._xlws.FILTER(RAW_DATA!I:I,EXACT(_xlfn._xlws.FILTER(CONCATENATE(RAW_DATA!$A:$A,RAW_DATA!$B:$B,RAW_DATA!$C:$C),1),$A9)*(RAW_DATA!$T:$T=1)))/$B9),"",SUM(_xlfn._xlws.FILTER(RAW_DATA!I:I,EXACT(_xlfn._xlws.FILTER(CONCATENATE(RAW_DATA!$A:$A,RAW_DATA!$B:$B,RAW_DATA!$C:$C),1),$A9)*(RAW_DATA!$T:$T=1)))/$B9)} | Q9: {=IF(ISERR(SUM(_xlfn._xlws.FILTER(RAW_DATA!J:J,EXACT(_xlfn._xlws.FILTER(CONCATENATE(RAW_DATA!$A:$A,RAW_DATA!$B:$B,RAW_DATA!$C:$C),1),$A9)*(RAW_DATA!$T:$T=1)))/$B9),"",SUM(_xlfn._xlws.FILTER(RAW_DATA!J:J,EXACT(_xlfn._xlws.FILTER(CONCATENATE(RAW_DATA!$A:$A,RAW_DATA!$B:$B,RAW_DATA!$C:$C),1),$A9)*(RAW_DATA!$T:$T=1)))/$B9)} | R9: {=IF(ISERR(SUM(_xlfn._xlws.FILTER(RAW_DATA!K:K,EXACT(_xlfn._xlws.FILTER(CONCATENATE(RAW_DATA!$A:$A,RAW_DATA!$B:$B,RAW_DATA!$C:$C),1),$A9)*(RAW_DATA!$T:$T=1)))/$B9),"",SUM(_xlfn._xlws.FILTER(RAW_DATA!K:K,EXACT(_xlfn._xlws.FILTER(CONCATENATE(RAW_DATA!$A:$A,RAW_DATA!$B:$B,RAW_DATA!$C:$C),1),$A9)*(RAW_DATA!$T:$T=1)))/$B9)} | S9: {=IF(ISERR(SUM(_xlfn._xlws.FILTER(RAW_DATA!L:L,EXACT(_xlfn._xlws.FILTER(CONCATENATE(RAW_DATA!$A:$A,RAW_DATA!$B:$B,RAW_DATA!$C:$C),1),$A9)*(RAW_DATA!$T:$T=1)))/$B9),"",SUM(_xlfn._xlws.FILTER(RAW_DATA!L:L,EXACT(_xlfn._xlws.FILTER(CONCATENATE(RAW_DATA!$A:$A,RAW_DATA!$B:$B,RAW_DATA!$C:$C),1),$A9)*(RAW_DATA!$T:$T=1)))/$B9)} | T9: {=IF(ISERR(SUM(_xlfn._xlws.FILTER(RAW_DATA!M:M,EXACT(_xlfn._xlws.FILTER(CONCATENATE(RAW_DATA!$A:$A,RAW_DATA!$B:$B,RAW_DATA!$C:$C),1),$A9)*(RAW_DATA!$V:$V=1)))/$D9),"",SUM(_xlfn._xlws.FILTER(RAW_DATA!M:M,EXACT(_xlfn._xlws.FILTER(CONCATENATE(RAW_DATA!$A:$A,RAW_DATA!$B:$B,RAW_DATA!$C:$C),1),$A9)*(RAW_DATA!$V:$V=1)))/$D9)} -> 0.85933333 | U9: {=IF(ISERR(SUM(_xlfn._xlws.FILTER(RAW_DATA!N:N,EXACT(_xlfn._xlws.FILTER(CONCATENATE(RAW_DATA!$A:$A,RAW_DATA!$B:$B,RAW_DATA!$C:$C),1),$A9)*(RAW_DATA!$V:$V=1)))/$D9),"",SUM(_xlfn._xlws.FILTER(RAW_DATA!N:N,EXACT(_xlfn._xlws.FILTER(CONCATENATE(RAW_DATA!$A:$A,RAW_DATA!$B:$B,RAW_DATA!$C:$C),1),$A9)*(RAW_DATA!$V:$V=1)))/$D9)} -> 1.4226667 | V9: {=IF(ISERR(SUM(_xlfn._xlws.FILTER(RAW_DATA!O:O,EXACT(_xlfn._xlws.FILTER(CONCATENATE(RAW_DATA!$A:$A,RAW_DATA!$B:$B,RAW_DATA!$C:$C),1),$A9)*(RAW_DATA!$V:$V=1)))/$D9),"",SUM(_xlfn._xlws.FILTER(RAW_DATA!O:O,EXACT(_xlfn._xlws.FILTER(CONCATENATE(RAW_DATA!$A:$A,RAW_DATA!$B:$B,RAW_DATA!$C:$C),1),$A9)*(RAW_DATA!$V:$V=1)))/$D9)} -> -0.77067333 | W9: {=IF(ISERR(SUM(_xlfn._xlws.FILTER(RAW_DATA!P:P,EXACT(_xlfn._xlws.FILTER(CONCATENATE(RAW_DATA!$A:$A,RAW_DATA!$B:$B,RAW_DATA!$C:$C),1),$A9)*(RAW_DATA!$V:$V=1)))/$D9),"",SUM(_xlfn._xlws.FILTER(RAW_DATA!P:P,EXACT(_xlfn._xlws.FILTER(CONCATENATE(RAW_DATA!$A:$A,RAW_DATA!$B:$B,RAW_DATA!$C:$C),1),$A9)*(RAW_DATA!$V:$V=1)))/$D9)} -> 1.1566667 | X9: {=IF(ISERR(SUM(_xlfn._xlws.FILTER(RAW_DATA!Q:Q,EXACT(_xlfn._xlws.FILTER(CONCATENATE(RAW_DATA!$A:$A,RAW_DATA!$B:$B,RAW_DATA!$C:$C),1),$A9)*(RAW_DATA!$V:$V=1)))/$D9),"",SUM(_xlfn._xlws.FILTER(RAW_DATA!Q:Q,EXACT(_xlfn._xlws.FILTER(CONCATENATE(RAW_DATA!$A:$A,RAW_DATA!$B:$B,RAW_DATA!$C:$C),1),$A9)*(RAW_DATA!$V:$V=1)))/$D9)} -> 2.5299 | Y9: {=IF(ISERR(SUM(_xlfn._xlws.FILTER(RAW_DATA!R:R,EXACT(_xlfn._xlws.FILTER(CONCATENATE(RAW_DATA!$A:$A,RAW_DATA!$B:$B,RAW_DATA!$C:$C),1),$A9)*(RAW_DATA!$V:$V=1)))/$D9),"",SUM(_xlfn._xlws.FILTER(RAW_DATA!R:R,EXACT(_xlfn._xlws.FILTER(CONCATENATE(RAW_DATA!$A:$A,RAW_DATA!$B:$B,RAW_DATA!$C:$C),1),$A9)*(RAW_DATA!$V:$V=1)))/$D9)} -> -0.567 | Z9: {=IF(ISERR(SUM(_xlfn._xlws.FILTER(RAW_DATA!S:S,EXACT(_xlfn._xlws.FILTER(CONCATENATE(RAW_DATA!$A:$A,RAW_DATA!$B:$B,RAW_DATA!$C:$C),1),$A9)*(RAW_DATA!$V:$V=1)))/$D9),"",SUM(_xlfn._xlws.FILTER(RAW_DATA!S:S,EXACT(_xlfn._xlws.FILTER(CONCATENATE(RAW_DATA!$A:$A,RAW_DATA!$B:$B,RAW_DATA!$C:$C),1),$A9)*(RAW_DATA!$V:$V=1)))/$D9)} -> 0
A10: NJIT064basePPCSBattery4_8_CONV_STEP | B10: {=IF(ISERR(SUM(_xlfn._xlws.FILTER(RAW_DATA!$T:$T,EXACT(_xlfn._xlws.FILTER(CONCATENATE(RAW_DATA!$A:$A,RAW_DATA!$B:$B,RAW_DATA!$C:$C),1),$A10)))),"",SUM(_xlfn._xlws.FILTER(RAW_DATA!$T:$T,EXACT(_xlfn._xlws.FILTER(CONCATENATE(RAW_DATA!$A:$A,RAW_DATA!$B:$B,RAW_DATA!$C:$C),1),$A10))))} -> 0 | C10: {=IF(ISERR(SUM(_xlfn._xlws.FILTER(RAW_DATA!$U:$U,EXACT(_xlfn._xlws.FILTER(CONCATENATE(RAW_DATA!$A:$A,RAW_DATA!$B:$B,RAW_DATA!$C:$C),1),$A10)))),"",SUM(_xlfn._xlws.FILTER(RAW_DATA!$U:$U,EXACT(_xlfn._xlws.FILTER(CONCATENATE(RAW_DATA!$A:$A,RAW_DATA!$B:$B,RAW_DATA!$C:$C),1),$A10))))} -> 0 | D10: {=IF(ISERR(SUM(_xlfn._xlws.FILTER(RAW_DATA!$V:$V,EXACT(_xlfn._xlws.FILTER(CONCATENATE(RAW_DATA!$A:$A,RAW_DATA!$B:$B,RAW_DATA!$C:$C),1),$A10)))),"",SUM(_xlfn._xlws.FILTER(RAW_DATA!$V:$V,EXACT(_xlfn._xlws.FILTER(CONCATENATE(RAW_DATA!$A:$A,RAW_DATA!$B:$B,RAW_DATA!$C:$C),1),$A10))))} -> 6 | E10: {=IF(ISERR(SUM(_xlfn._xlws.FILTER(RAW_DATA!$X:$X,EXACT(_xlfn._xlws.FILTER(CONCATENATE(RAW_DATA!$A:$A,RAW_DATA!$B:$B,RAW_DATA!$C:$C),1),$A10)*(RAW_DATA!$T:$T=1)))/$B10),"",SUM(_xlfn._xlws.FILTER(RAW_DATA!$X:$X,EXACT(_xlfn._xlws.FILTER(CONCATENATE(RAW_DATA!$A:$A,RAW_DATA!$B:$B,RAW_DATA!$C:$C),1),$A10)*(RAW_DATA!$T:$T=1)))/$B10)} | F10: {=IF(ISERR(SUM(_xlfn._xlws.FILTER(RAW_DATA!$Y:$Y,EXACT(_xlfn._xlws.FILTER(CONCATENATE(RAW_DATA!$A:$A,RAW_DATA!$B:$B,RAW_DATA!$C:$C),1),$A10)*(RAW_DATA!$U:$U=1)))/$C10),"",SUM(_xlfn._xlws.FILTER(RAW_DATA!$Y:$Y,EXACT(_xlfn._xlws.FILTER(CONCATENATE(RAW_DATA!$A:$A,RAW_DATA!$B:$B,RAW_DATA!$C:$C),1),$A10)*(RAW_DATA!$U:$U=1)))/$C10)} | G10: {=IF(ISERR(SUM(_xlfn._xlws.FILTER(RAW_DATA!$Z:$Z,EXACT(_xlfn._xlws.FILTER(CONCATENATE(RAW_DATA!$A:$A,RAW_DATA!$B:$B,RAW_DATA!$C:$C),1),$A10)*(RAW_DATA!$V:$V=1)))/$D10),"",SUM(_xlfn._xlws.FILTER(RAW_DATA!$Z:$Z,EXACT(_xlfn._xlws.FILTER(CONCATENATE(RAW_DATA!$A:$A,RAW_DATA!$B:$B,RAW_DATA!$C:$C),1),$A10)*(RAW_DATA!$V:$V=1)))/$D10)} -> 20.1925 | H10: {=IF(ISERR(SUM(_xlfn._xlws.FILTER(RAW_DATA!$E:$E,EXACT(_xlfn._xlws.FILTER(CONCATENATE(RAW_DATA!$A:$A,RAW_DATA!$B:$B,RAW_DATA!$C:$C),1),$A10)*(RAW_DATA!T:T=1)))/$B10),"",SUM(_xlfn._xlws.FILTER(RAW_DATA!$E:$E,EXACT(_xlfn._xlws.FILTER(CONCATENATE(RAW_DATA!$A:$A,RAW_DATA!$B:$B,RAW_DATA!$C:$C),1),$A10)*(RAW_DATA!T:T=1)))/$B10)} | I10: {=IF(ISERR(SUM(_xlfn._xlws.FILTER(RAW_DATA!$E:$E,EXACT(_xlfn._xlws.FILTER(CONCATENATE(RAW_DATA!$A:$A,RAW_DATA!$B:$B,RAW_DATA!$C:$C),1),$A10)*(RAW_DATA!U:U=1)))/$C10),"",SUM(_xlfn._xlws.FILTER(RAW_DATA!$E:$E,EXACT(_xlfn._xlws.FILTER(CONCATENATE(RAW_DATA!$A:$A,RAW_DATA!$B:$B,RAW_DATA!$C:$C),1),$A10)*(RAW_DATA!U:U=1)))/$C10)} | J10: {=IF(ISERR(SUM(_xlfn._xlws.FILTER(RAW_DATA!$E:$E,EXACT(_xlfn._xlws.FILTER(CONCATENATE(RAW_DATA!$A:$A,RAW_DATA!$B:$B,RAW_DATA!$C:$C),1),$A10)*(RAW_DATA!V:V=1)))/$D10),"",SUM(_xlfn._xlws.FILTER(RAW_DATA!$E:$E,EXACT(_xlfn._xlws.FILTER(CONCATENATE(RAW_DATA!$A:$A,RAW_DATA!$B:$B,RAW_DATA!$C:$C),1),$A10)*(RAW_DATA!V:V=1)))/$D10)} -> 0 | K10: {=IF(ISERR(SUM(_xlfn._xlws.FILTER(RAW_DATA!$F:$F,EXACT(_xlfn._xlws.FILTER(CONCATENATE(RAW_DATA!$A:$A,RAW_DATA!$B:$B,RAW_DATA!$C:$C),1),$A10)*(RAW_DATA!T:T=1)))/$B10),"",SUM(_xlfn._xlws.FILTER(RAW_DATA!$F:$F,EXACT(_xlfn._xlws.FILTER(CONCATENATE(RAW_DATA!$A:$A,RAW_DATA!$B:$B,RAW_DATA!$C:$C),1),$A10)*(RAW_DATA!T:T=1)))/$B10)} | L10: {=IF(ISERR(SUM(_xlfn._xlws.FILTER(RAW_DATA!$F:$F,EXACT(_xlfn._xlws.FILTER(CONCATENATE(RAW_DATA!$A:$A,RAW_DATA!$B:$B,RAW_DATA!$C:$C),1),$A10)*(RAW_DATA!U:U=1)))/$C10),"",SUM(_xlfn._xlws.FILTER(RAW_DATA!$F:$F,EXACT(_xlfn._xlws.FILTER(CONCATENATE(RAW_DATA!$A:$A,RAW_DATA!$B:$B,RAW_DATA!$C:$C),1),$A10)*(RAW_DATA!U:U=1)))/$C10)} | M10: {=IF(ISERR(SUM(_xlfn._xlws.FILTER(RAW_DATA!$F:$F,EXACT(_xlfn._xlws.FILTER(CONCATENATE(RAW_DATA!$A:$A,RAW_DATA!$B:$B,RAW_DATA!$C:$C),1),$A10)*(RAW_DATA!V:V=1)))/$D10),"",SUM(_xlfn._xlws.FILTER(RAW_DATA!$F:$F,EXACT(_xlfn._xlws.FILTER(CONCATENATE(RAW_DATA!$A:$A,RAW_DATA!$B:$B,RAW_DATA!$C:$C),1),$A10)*(RAW_DATA!V:V=1)))/$D10)} -> 0.5 | N10: {=IF(ISERR(SUM(_xlfn._xlws.FILTER(RAW_DATA!G:G,EXACT(_xlfn._xlws.FILTER(CONCATENATE(RAW_DATA!$A:$A,RAW_DATA!$B:$B,RAW_DATA!$C:$C),1),$A10)*(RAW_DATA!$T:$T=1)))/$B10),"",SUM(_xlfn._xlws.FILTER(RAW_DATA!G:G,EXACT(_xlfn._xlws.FILTER(CONCATENATE(RAW_DATA!$A:$A,RAW_DATA!$B:$B,RAW_DATA!$C:$C),1),$A10)*(RAW_DATA!$T:$T=1)))/$B10)} | O10: {=IF(ISERR(SUM(_xlfn._xlws.FILTER(RAW_DATA!H:H,EXACT(_xlfn._xlws.FILTER(CONCATENATE(RAW_DATA!$A:$A,RAW_DATA!$B:$B,RAW_DATA!$C:$C),1),$A10)*(RAW_DATA!$T:$T=1)))/$B10),"",SUM(_xlfn._xlws.FILTER(RAW_DATA!H:H,EXACT(_xlfn._xlws.FILTER(CONCATENATE(RAW_DATA!$A:$A,RAW_DATA!$B:$B,RAW_DATA!$C:$C),1),$A10)*(RAW_DATA!$T:$T=1)))/$B10)} | P10: {=IF(ISERR(SUM(_xlfn._xlws.FILTER(RAW_DATA!I:I,EXACT(_xlfn._xlws.FILTER(CONCATENATE(RAW_DATA!$A:$A,RAW_DATA!$B:$B,RAW_DATA!$C:$C),1),$A10)*(RAW_DATA!$T:$T=1)))/$B10),"",SUM(_xlfn._xlws.FILTER(RAW_DATA!I:I,EXACT(_xlfn._xlws.FILTER(CONCATENATE(RAW_DATA!$A:$A,RAW_DATA!$B:$B,RAW_DATA!$C:$C),1),$A10)*(RAW_DATA!$T:$T=1)))/$B10)} | Q10: {=IF(ISERR(SUM(_xlfn._xlws.FILTER(RAW_DATA!J:J,EXACT(_xlfn._xlws.FILTER(CONCATENATE(RAW_DATA!$A:$A,RAW_DATA!$B:$B,RAW_DATA!$C:$C),1),$A10)*(RAW_DATA!$T:$T=1)))/$B10),"",SUM(_xlfn._xlws.FILTER(RAW_DATA!J:J,EXACT(_xlfn._xlws.FILTER(CONCATENATE(RAW_DATA!$A:$A,RAW_DATA!$B:$B,RAW_DATA!$C:$C),1),$A10)*(RAW_DATA!$T:$T=1)))/$B10)} | R10: {=IF(ISERR(SUM(_xlfn._xlws.FILTER(RAW_DATA!K:K,EXACT(_xlfn._xlws.FILTER(CONCATENATE(RAW_DATA!$A:$A,RAW_DATA!$B:$B,RAW_DATA!$C:$C),1),$A10)*(RAW_DATA!$T:$T=1)))/$B10),"",SUM(_xlfn._xlws.FILTER(RAW_DATA!K:K,EXACT(_xlfn._xlws.FILTER(CONCATENATE(RAW_DATA!$A:$A,RAW_DATA!$B:$B,RAW_DATA!$C:$C),1),$A10)*(RAW_DATA!$T:$T=1)))/$B10)} | S10: {=IF(ISERR(SUM(_xlfn._xlws.FILTER(RAW_DATA!L:L,EXACT(_xlfn._xlws.FILTER(CONCATENATE(RAW_DATA!$A:$A,RAW_DATA!$B:$B,RAW_DATA!$C:$C),1),$A10)*(RAW_DATA!$T:$T=1)))/$B10),"",SUM(_xlfn._xlws.FILTER(RAW_DATA!L:L,EXACT(_xlfn._xlws.FILTER(CONCATENATE(RAW_DATA!$A:$A,RAW_DATA!$B:$B,RAW_DATA!$C:$C),1),$A10)*(RAW_DATA!$T:$T=1)))/$B10)} | T10: {=IF(ISERR(SUM(_xlfn._xlws.FILTER(RAW_DATA!M:M,EXACT(_xlfn._xlws.FILTER(CONCATENATE(RAW_DATA!$A:$A,RAW_DATA!$B:$B,RAW_DATA!$C:$C),1),$A10)*(RAW_DATA!$V:$V=1)))/$D10),"",SUM(_xlfn._xlws.FILTER(RAW_DATA!M:M,EXACT(_xlfn._xlws.FILTER(CONCATENATE(RAW_DATA!$A:$A,RAW_DATA!$B:$B,RAW_DATA!$C:$C),1),$A10)*(RAW_DATA!$V:$V=1)))/$D10)} -> 0.779 | U10: {=IF(ISERR(SUM(_xlfn._xlws.FILTER(RAW_DATA!N:N,EXACT(_xlfn._xlws.FILTER(CONCATENATE(RAW_DATA!$A:$A,RAW_DATA!$B:$B,RAW_DATA!$C:$C),1),$A10)*(RAW_DATA!$V:$V=1)))/$D10),"",SUM(_xlfn._xlws.FILTER(RAW_DATA!N:N,EXACT(_xlfn._xlws.FILTER(CONCATENATE(RAW_DATA!$A:$A,RAW_DATA!$B:$B,RAW_DATA!$C:$C),1),$A10)*(RAW_DATA!$V:$V=1)))/$D10)} -> 1.6766667 | V10: {=IF(ISERR(SUM(_xlfn._xlws.FILTER(RAW_DATA!O:O,EXACT(_xlfn._xlws.FILTER(CONCATENATE(RAW_DATA!$A:$A,RAW_DATA!$B:$B,RAW_DATA!$C:$C),1),$A10)*(RAW_DATA!$V:$V=1)))/$D10),"",SUM(_xlfn._xlws.FILTER(RAW_DATA!O:O,EXACT(_xlfn._xlws.FILTER(CONCATENATE(RAW_DATA!$A:$A,RAW_DATA!$B:$B,RAW_DATA!$C:$C),1),$A10)*(RAW_DATA!$V:$V=1)))/$D10)} -> -3.5277167 | W10: {=IF(ISERR(SUM(_xlfn._xlws.FILTER(RAW_DATA!P:P,EXACT(_xlfn._xlws.FILTER(CONCATENATE(RAW_DATA!$A:$A,RAW_DATA!$B:$B,RAW_DATA!$C:$C),1),$A10)*(RAW_DATA!$V:$V=1)))/$D10),"",SUM(_xlfn._xlws.FILTER(RAW_DATA!P:P,EXACT(_xlfn._xlws.FILTER(CONCATENATE(RAW_DATA!$A:$A,RAW_DATA!$B:$B,RAW_DATA!$C:$C),1),$A10)*(RAW_DATA!$V:$V=1)))/$D10)} -> 1.133 | X10: {=IF(ISERR(SUM(_xlfn._xlws.FILTER(RAW_DATA!Q:Q,EXACT(_xlfn._xlws.FILTER(CONCATENATE(RAW_DATA!$A:$A,RAW_DATA!$B:$B,RAW_DATA!$C:$C),1),$A10)*(RAW_DATA!$V:$V=1)))/$D10),"",SUM(_xlfn._xlws.FILTER(RAW_DATA!Q:Q,EXACT(_xlfn._xlws.FILTER(CONCATENATE(RAW_DATA!$A:$A,RAW_DATA!$B:$B,RAW_DATA!$C:$C),1),$A10)*(RAW_DATA!$V:$V=1)))/$D10)} -> 9.5558167 | Y10: {=IF(ISERR(SUM(_xlfn._xlws.FILTER(RAW_DATA!R:R,EXACT(_xlfn._xlws.FILTER(CONCATENATE(RAW_DATA!$A:$A,RAW_DATA!$B:$B,RAW_DATA!$C:$C),1),$A10)*(RAW_DATA!$V:$V=1)))/$D10),"",SUM(_xlfn._xlws.FILTER(RAW_DATA!R:R,EXACT(_xlfn._xlws.FILTER(CONCATENATE(RAW_DATA!$A:$A,RAW_DATA!$B:$B,RAW_DATA!$C:$C),1),$A10)*(RAW_DATA!$V:$V=1)))/$D10)} -> -1.3533333 | Z10: {=IF(ISERR(SUM(_xlfn._xlws.FILTER(RAW_DATA!S:S,EXACT(_xlfn._xlws.FILTER(CONCATENATE(RAW_DATA!$A:$A,RAW_DATA!$B:$B,RAW_DATA!$C:$C),1),$A10)*(RAW_DATA!$V:$V=1)))/$D10),"",SUM(_xlfn._xlws.FILTER(RAW_DATA!S:S,EXACT(_xlfn._xlws.FILTER(CONCATENATE(RAW_DATA!$A:$A,RAW_DATA!$B:$B,RAW_DATA!$C:$C),1),$A10)*(RAW_DATA!$V:$V=1)))/$D10)} -> 0
A11: NJIT066basePPCSBattery4_8_CONV_STEP | B11: {=IF(ISERR(SUM(_xlfn._xlws.FILTER(RAW_DATA!$T:$T,EXACT(_xlfn._xlws.FILTER(CONCATENATE(RAW_DATA!$A:$A,RAW_DATA!$B:$B,RAW_DATA!$C:$C),1),$A11)))),"",SUM(_xlfn._xlws.FILTER(RAW_DATA!$T:$T,EXACT(_xlfn._xlws.FILTER(CONCATENATE(RAW_DATA!$A:$A,RAW_DATA!$B:$B,RAW_DATA!$C:$C),1),$A11))))} -> 1 | C11: {=IF(ISERR(SUM(_xlfn._xlws.FILTER(RAW_DATA!$U:$U,EXACT(_xlfn._xlws.FILTER(CONCATENATE(RAW_DATA!$A:$A,RAW_DATA!$B:$B,RAW_DATA!$C:$C),1),$A11)))),"",SUM(_xlfn._xlws.FILTER(RAW_DATA!$U:$U,EXACT(_xlfn._xlws.FILTER(CONCATENATE(RAW_DATA!$A:$A,RAW_DATA!$B:$B,RAW_DATA!$C:$C),1),$A11))))} -> 0 | D11: {=IF(ISERR(SUM(_xlfn._xlws.FILTER(RAW_DATA!$V:$V,EXACT(_xlfn._xlws.FILTER(CONCATENATE(RAW_DATA!$A:$A,RAW_DATA!$B:$B,RAW_DATA!$C:$C),1),$A11)))),"",SUM(_xlfn._xlws.FILTER(RAW_DATA!$V:$V,EXACT(_xlfn._xlws.FILTER(CONCATENATE(RAW_DATA!$A:$A,RAW_DATA!$B:$B,RAW_DATA!$C:$C),1),$A11))))} -> 5 | E11: {=IF(ISERR(SUM(_xlfn._xlws.FILTER(RAW_DATA!$X:$X,EXACT(_xlfn._xlws.FILTER(CONCATENATE(RAW_DATA!$A:$A,RAW_DATA!$B:$B,RAW_DATA!$C:$C),1),$A11)*(RAW_DATA!$T:$T=1)))/$B11),"",SUM(_xlfn._xlws.FILTER(RAW_DATA!$X:$X,EXACT(_xlfn._xlws.FILTER(CONCATENATE(RAW_DATA!$A:$A,RAW_DATA!$B:$B,RAW_DATA!$C:$C),1),$A11)*(RAW_DATA!$T:$T=1)))/$B11)} -> 1 | F11: {=IF(ISERR(SUM(_xlfn._xlws.FILTER(RAW_DATA!$Y:$Y,EXACT(_xlfn._xlws.FILTER(CONCATENATE(RAW_DATA!$A:$A,RAW_DATA!$B:$B,RAW_DATA!$C:$C),1),$A11)*(RAW_DATA!$U:$U=1)))/$C11),"",SUM(_xlfn._xlws.FILTER(RAW_DATA!$Y:$Y,EXACT(_xlfn._xlws.FILTER(CONCATENATE(RAW_DATA!$A:$A,RAW_DATA!$B:$B,RAW_DATA!$C:$C),1),$A11)*(RAW_DATA!$U:$U=1)))/$C11)} | G11: {=IF(ISERR(SUM(_xlfn._xlws.FILTER(RAW_DATA!$Z:$Z,EXACT(_xlfn._xlws.FILTER(CONCATENATE(RAW_DATA!$A:$A,RAW_DATA!$B:$B,RAW_DATA!$C:$C),1),$A11)*(RAW_DATA!$V:$V=1)))/$D11),"",SUM(_xlfn._xlws.FILTER(RAW_DATA!$Z:$Z,EXACT(_xlfn._xlws.FILTER(CONCATENATE(RAW_DATA!$A:$A,RAW_DATA!$B:$B,RAW_DATA!$C:$C),1),$A11)*(RAW_DATA!$V:$V=1)))/$D11)} -> 20.1925 | H11: {=IF(ISERR(SUM(_xlfn._xlws.FILTER(RAW_DATA!$E:$E,EXACT(_xlfn._xlws.FILTER(CONCATENATE(RAW_DATA!$A:$A,RAW_DATA!$B:$B,RAW_DATA!$C:$C),1),$A11)*(RAW_DATA!T:T=1)))/$B11),"",SUM(_xlfn._xlws.FILTER(RAW_DATA!$E:$E,EXACT(_xlfn._xlws.FILTER(CONCATENATE(RAW_DATA!$A:$A,RAW_DATA!$B:$B,RAW_DATA!$C:$C),1),$A11)*(RAW_DATA!T:T=1)))/$B11)} -> 0 | I11: {=IF(ISERR(SUM(_xlfn._xlws.FILTER(RAW_DATA!$E:$E,EXACT(_xlfn._xlws.FILTER(CONCATENATE(RAW_DATA!$A:$A,RAW_DATA!$B:$B,RAW_DATA!$C:$C),1),$A11)*(RAW_DATA!U:U=1)))/$C11),"",SUM(_xlfn._xlws.FILTER(RAW_DATA!$E:$E,EXACT(_xlfn._xlws.FILTER(CONCATENATE(RAW_DATA!$A:$A,RAW_DATA!$B:$B,RAW_DATA!$C:$C),1),$A11)*(RAW_DATA!U:U=1)))/$C11)} | J11: {=IF(ISERR(SUM(_xlfn._xlws.FILTER(RAW_DATA!$E:$E,EXACT(_xlfn._xlws.FILTER(CONCATENATE(RAW_DATA!$A:$A,RAW_DATA!$B:$B,RAW_DATA!$C:$C),1),$A11)*(RAW_DATA!V:V=1)))/$D11),"",SUM(_xlfn._xlws.FILTER(RAW_DATA!$E:$E,EXACT(_xlfn._xlws.FILTER(CONCATENATE(RAW_DATA!$A:$A,RAW_DATA!$B:$B,RAW_DATA!$C:$C),1),$A11)*(RAW_DATA!V:V=1)))/$D11)} -> 0 | K11: {=IF(ISERR(SUM(_xlfn._xlws.FILTER(RAW_DATA!$F:$F,EXACT(_xlfn._xlws.FILTER(CONCATENATE(RAW_DATA!$A:$A,RAW_DATA!$B:$B,RAW_DATA!$C:$C),1),$A11)*(RAW_DATA!T:T=1)))/$B11),"",SUM(_xlfn._xlws.FILTER(RAW_DATA!$F:$F,EXACT(_xlfn._xlws.FILTER(CONCATENATE(RAW_DATA!$A:$A,RAW_DATA!$B:$B,RAW_DATA!$C:$C),1),$A11)*(RAW_DATA!T:T=1)))/$B11)} -> 0 | L11: {=IF(ISERR(SUM(_xlfn._xlws.FILTER(RAW_DATA!$F:$F,EXACT(_xlfn._xlws.FILTER(CONCATENATE(RAW_DATA!$A:$A,RAW_DATA!$B:$B,RAW_DATA!$C:$C),1),$A11)*(RAW_DATA!U:U=1)))/$C11),"",SUM(_xlfn._xlws.FILTER(RAW_DATA!$F:$F,EXACT(_xlfn._xlws.FILTER(CONCATENATE(RAW_DATA!$A:$A,RAW_DATA!$B:$B,RAW_DATA!$C:$C),1),$A11)*(RAW_DATA!U:U=1)))/$C11)} | M11: {=IF(ISERR(SUM(_xlfn._xlws.FILTER(RAW_DATA!$F:$F,EXACT(_xlfn._xlws.FILTER(CONCATENATE(RAW_DATA!$A:$A,RAW_DATA!$B:$B,RAW_DATA!$C:$C),1),$A11)*(RAW_DATA!V:V=1)))/$D11),"",SUM(_xlfn._xlws.FILTER(RAW_DATA!$F:$F,EXACT(_xlfn._xlws.FILTER(CONCATENATE(RAW_DATA!$A:$A,RAW_DATA!$B:$B,RAW_DATA!$C:$C),1),$A11)*(RAW_DATA!V:V=1)))/$D11)} -> 0 | N11: {=IF(ISERR(SUM(_xlfn._xlws.FILTER(RAW_DATA!G:G,EXACT(_xlfn._xlws.FILTER(CONCATENATE(RAW_DATA!$A:$A,RAW_DATA!$B:$B,RAW_DATA!$C:$C),1),$A11)*(RAW_DATA!$T:$T=1)))/$B11),"",SUM(_xlfn._xlws.FILTER(RAW_DATA!G:G,EXACT(_xlfn._xlws.FILTER(CONCATENATE(RAW_DATA!$A:$A,RAW_DATA!$B:$B,RAW_DATA!$C:$C),1),$A11)*(RAW_DATA!$T:$T=1)))/$B11)} -> 0 | O11: {=IF(ISERR(SUM(_xlfn._xlws.FILTER(RAW_DATA!H:H,EXACT(_xlfn._xlws.FILTER(CONCATENATE(RAW_DATA!$A:$A,RAW_DATA!$B:$B,RAW_DATA!$C:$C),1),$A11)*(RAW_DATA!$T:$T=1)))/$B11),"",SUM(_xlfn._xlws.FILTER(RAW_DATA!H:H,EXACT(_xlfn._xlws.FILTER(CONCATENATE(RAW_DATA!$A:$A,RAW_DATA!$B:$B,RAW_DATA!$C:$C),1),$A11)*(RAW_DATA!$T:$T=1)))/$B11)} -> 0 | P11: {=IF(ISERR(SUM(_xlfn._xlws.FILTER(RAW_DATA!I:I,EXACT(_xlfn._xlws.FILTER(CONCATENATE(RAW_DATA!$A:$A,RAW_DATA!$B:$B,RAW_DATA!$C:$C),1),$A11)*(RAW_DATA!$T:$T=1)))/$B11),"",SUM(_xlfn._xlws.FILTER(RAW_DATA!I:I,EXACT(_xlfn._xlws.FILTER(CONCATENATE(RAW_DATA!$A:$A,RAW_DATA!$B:$B,RAW_DATA!$C:$C),1),$A11)*(RAW_DATA!$T:$T=1)))/$B11)} -> 0 | Q11: {=IF(ISERR(SUM(_xlfn._xlws.FILTER(RAW_DATA!J:J,EXACT(_xlfn._xlws.FILTER(CONCATENATE(RAW_DATA!$A:$A,RAW_DATA!$B:$B,RAW_DATA!$C:$C),1),$A11)*(RAW_DATA!$T:$T=1)))/$B11),"",SUM(_xlfn._xlws.FILTER(RAW_DATA!J:J,EXACT(_xlfn._xlws.FILTER(CONCATENATE(RAW_DATA!$A:$A,RAW_DATA!$B:$B,RAW_DATA!$C:$C),1),$A11)*(RAW_DATA!$T:$T=1)))/$B11)} -> 0 | R11: {=IF(ISERR(SUM(_xlfn._xlws.FILTER(RAW_DATA!K:K,EXACT(_xlfn._xlws.FILTER(CONCATENATE(RAW_DATA!$A:$A,RAW_DATA!$B:$B,RAW_DATA!$C:$C),1),$A11)*(RAW_DATA!$T:$T=1)))/$B11),"",SUM(_xlfn._xlws.FILTER(RAW_DATA!K:K,EXACT(_xlfn._xlws.FILTER(CONCATENATE(RAW_DATA!$A:$A,RAW_DATA!$B:$B,RAW_DATA!$C:$C),1),$A11)*(RAW_DATA!$T:$T=1)))/$B11)} -> 0 | S11: {=IF(ISERR(SUM(_xlfn._xlws.FILTER(RAW_DATA!L:L,EXACT(_xlfn._xlws.FILTER(CONCATENATE(RAW_DATA!$A:$A,RAW_DATA!$B:$B,RAW_DATA!$C:$C),1),$A11)*(RAW_DATA!$T:$T=1)))/$B11),"",SUM(_xlfn._xlws.FILTER(RAW_DATA!L:L,EXACT(_xlfn._xlws.FILTER(CONCATENATE(RAW_DATA!$A:$A,RAW_DATA!$B:$B,RAW_DATA!$C:$C),1),$A11)*(RAW_DATA!$T:$T=1)))/$B11)} -> 1.298 | T11: {=IF(ISERR(SUM(_xlfn._xlws.FILTER(RAW_DATA!M:M,EXACT(_xlfn._xlws.FILTER(CONCATENATE(RAW_DATA!$A:$A,RAW_DATA!$B:$B,RAW_DATA!$C:$C),1),$A11)*(RAW_DATA!$V:$V=1)))/$D11),"",SUM(_xlfn._xlws.FILTER(RAW_DATA!M:M,EXACT(_xlfn._xlws.FILTER(CONCATENATE(RAW_DATA!$A:$A,RAW_DATA!$B:$B,RAW_DATA!$C:$C),1),$A11)*(RAW_DATA!$V:$V=1)))/$D11)} -> 0.8148 | U11: {=IF(ISERR(SUM(_xlfn._xlws.FILTER(RAW_DATA!N:N,EXACT(_xlfn._xlws.FILTER(CONCATENATE(RAW_DATA!$A:$A,RAW_DATA!$B:$B,RAW_DATA!$C:$C),1),$A11)*(RAW_DATA!$V:$V=1)))/$D11),"",SUM(_xlfn._xlws.FILTER(RAW_DATA!N:N,EXACT(_xlfn._xlws.FILTER(CONCATENATE(RAW_DATA!$A:$A,RAW_DATA!$B:$B,RAW_DATA!$C:$C),1),$A11)*(RAW_DATA!$V:$V=1)))/$D11)} -> 1.7536 | V11: {=IF(ISERR(SUM(_xlfn._xlws.FILTER(RAW_DATA!O:O,EXACT(_xlfn._xlws.FILTER(CONCATENATE(RAW_DATA!$A:$A,RAW_DATA!$B:$B,RAW_DATA!$C:$C),1),$A11)*(RAW_DATA!$V:$V=1)))/$D11),"",SUM(_xlfn._xlws.FILTER(RAW_DATA!O:O,EXACT(_xlfn._xlws.FILTER(CONCATENATE(RAW_DATA!$A:$A,RAW_DATA!$B:$B,RAW_DATA!$C:$C),1),$A11)*(RAW_DATA!$V:$V=1)))/$D11)} -> -1.585246 | W11: {=IF(ISERR(SUM(_xlfn._xlws.FILTER(RAW_DATA!P:P,EXACT(_xlfn._xlws.FILTER(CONCATENATE(RAW_DATA!$A:$A,RAW_DATA!$B:$B,RAW_DATA!$C:$C),1),$A11)*(RAW_DATA!$V:$V=1)))/$D11),"",SUM(_xlfn._xlws.FILTER(RAW_DATA!P:P,EXACT(_xlfn._xlws.FILTER(CONCATENATE(RAW_DATA!$A:$A,RAW_DATA!$B:$B,RAW_DATA!$C:$C),1),$A11)*(RAW_DATA!$V:$V=1)))/$D11)} -> 1.34 | X11: {=IF(ISERR(SUM(_xlfn._xlws.FILTER(RAW_DATA!Q:Q,EXACT(_xlfn._xlws.FILTER(CONCATENATE(RAW_DATA!$A:$A,RAW_DATA!$B:$B,RAW_DATA!$C:$C),1),$A11)*(RAW_DATA!$V:$V=1)))/$D11),"",SUM(_xlfn._xlws.FILTER(RAW_DATA!Q:Q,EXACT(_xlfn._xlws.FILTER(CONCATENATE(RAW_DATA!$A:$A,RAW_DATA!$B:$B,RAW_DATA!$C:$C),1),$A11)*(RAW_DATA!$V:$V=1)))/$D11)} -> 4.17844 | Y11: {=IF(ISERR(SUM(_xlfn._xlws.FILTER(RAW_DATA!R:R,EXACT(_xlfn._xlws.FILTER(CONCATENATE(RAW_DATA!$A:$A,RAW_DATA!$B:$B,RAW_DATA!$C:$C),1),$A11)*(RAW_DATA!$V:$V=1)))/$D11),"",SUM(_xlfn._xlws.FILTER(RAW_DATA!R:R,EXACT(_xlfn._xlws.FILTER(CONCATENATE(RAW_DATA!$A:$A,RAW_DATA!$B:$B,RAW_DATA!$C:$C),1),$A11)*(RAW_DATA!$V:$V=1)))/$D11)} -> -1.1724 | Z11: {=IF(ISERR(SUM(_xlfn._xlws.FILTER(RAW_DATA!S:S,EXACT(_xlfn._xlws.FILTER(CONCATENATE(RAW_DATA!$A:$A,RAW_DATA!$B:$B,RAW_DATA!$C:$C),1),$A11)*(RAW_DATA!$V:$V=1)))/$D11),"",SUM(_xlfn._xlws.FILTER(RAW_DATA!S:S,EXACT(_xlfn._xlws.FILTER(CONCATENATE(RAW_DATA!$A:$A,RAW_DATA!$B:$B,RAW_DATA!$C:$C),1),$A11)*(RAW_DATA!$V:$V=1)))/$D11)} -> 0
A12: #N/A | B12: {=IF(ISERR(SUM(_xlfn._xlws.FILTER(RAW_DATA!$T:$T,EXACT(_xlfn._xlws.FILTER(CONCATENATE(RAW_DATA!$A:$A,RAW_DATA!$B:$B,RAW_DATA!$C:$C),1),$A12)))),"",SUM(_xlfn._xlws.FILTER(RAW_DATA!$T:$T,EXACT(_xlfn._xlws.FILTER(CONCATENATE(RAW_DATA!$A:$A,RAW_DATA!$B:$B,RAW_DATA!$C:$C),1),$A12))))} -> #N/A | C12: {=IF(ISERR(SUM(_xlfn._xlws.FILTER(RAW_DATA!$U:$U,EXACT(_xlfn._xlws.FILTER(CONCATENATE(RAW_DATA!$A:$A,RAW_DATA!$B:$B,RAW_DATA!$C:$C),1),$A12)))),"",SUM(_xlfn._xlws.FILTER(RAW_DATA!$U:$U,EXACT(_xlfn._xlws.FILTER(CONCATENATE(RAW_DATA!$A:$A,RAW_DATA!$B:$B,RAW_DATA!$C:$C),1),$A12))))} -> #N/A | D12: {=IF(ISERR(SUM(_xlfn._xlws.FILTER(RAW_DATA!$V:$V,EXACT(_xlfn._xlws.FILTER(CONCATENATE(RAW_DATA!$A:$A,RAW_DATA!$B:$B,RAW_DATA!$C:$C),1),$A12)))),"",SUM(_xlfn._xlws.FILTER(RAW_DATA!$V:$V,EXACT(_xlfn._xlws.FILTER(CONCATENATE(RAW_DATA!$A:$A,RAW_DATA!$B:$B,RAW_DATA!$C:$C),1),$A12))))} -> #N/A | E12: {=IF(ISERR(SUM(_xlfn._xlws.FILTER(RAW_DATA!$X:$X,EXACT(_xlfn._xlws.FILTER(CONCATENATE(RAW_DATA!$A:$A,RAW_DATA!$B:$B,RAW_DATA!$C:$C),1),$A12)*(RAW_DATA!$T:$T=1)))/$B12),"",SUM(_xlfn._xlws.FILTER(RAW_DATA!$X:$X,EXACT(_xlfn._xlws.FILTER(CONCATENATE(RAW_DATA!$A:$A,RAW_DATA!$B:$B,RAW_DATA!$C:$C),1),$A12)*(RAW_DATA!$T:$T=1)))/$B12)} -> #N/A | F12: {=IF(ISERR(SUM(_xlfn._xlws.FILTER(RAW_DATA!$Y:$Y,EXACT(_xlfn._xlws.FILTER(CONCATENATE(RAW_DATA!$A:$A,RAW_DATA!$B:$B,RAW_DATA!$C:$C),1),$A12)*(RAW_DATA!$U:$U=1)))/$C12),"",SUM(_xlfn._xlws.FILTER(RAW_DATA!$Y:$Y,EXACT(_xlfn._xlws.FILTER(CONCATENATE(RAW_DATA!$A:$A,RAW_DATA!$B:$B,RAW_DATA!$C:$C),1),$A12)*(RAW_DATA!$U:$U=1)))/$C12)} -> #N/A | G12: {=IF(ISERR(SUM(_xlfn._xlws.FILTER(RAW_DATA!$Z:$Z,EXACT(_xlfn._xlws.FILTER(CONCATENATE(RAW_DATA!$A:$A,RAW_DATA!$B:$B,RAW_DATA!$C:$C),1),$A12)*(RAW_DATA!$V:$V=1)))/$D12),"",SUM(_xlfn._xlws.FILTER(RAW_DATA!$Z:$Z,EXACT(_xlfn._xlws.FILTER(CONCATENATE(RAW_DATA!$A:$A,RAW_DATA!$B:$B,RAW_DATA!$C:$C),1),$A12)*(RAW_DATA!$V:$V=1)))/$D12)} -> #N/A | H12: {=IF(ISERR(SUM(_xlfn._xlws.FILTER(RAW_DATA!$E:$E,EXACT(_xlfn._xlws.FILTER(CONCATENATE(RAW_DATA!$A:$A,RAW_DATA!$B:$B,RAW_DATA!$C:$C),1),$A12)*(RAW_DATA!T:T=1)))/$B12),"",SUM(_xlfn._xlws.FILTER(RAW_DATA!$E:$E,EXACT(_xlfn._xlws.FILTER(CONCATENATE(RAW_DATA!$A:$A,RAW_DATA!$B:$B,RAW_DATA!$C:$C),1),$A12)*(RAW_DATA!T:T=1)))/$B12)} -> #N/A | I12: {=IF(ISERR(SUM(_xlfn._xlws.FILTER(RAW_DATA!$E:$E,EXACT(_xlfn._xlws.FILTER(CONCATENATE(RAW_DATA!$A:$A,RAW_DATA!$B:$B,RAW_DATA!$C:$C),1),$A12)*(RAW_DATA!U:U=1)))/$C12),"",SUM(_xlfn._xlws.FILTER(RAW_DATA!$E:$E,EXACT(_xlfn._xlws.FILTER(CONCATENATE(RAW_DATA!$A:$A,RAW_DATA!$B:$B,RAW_DATA!$C:$C),1),$A12)*(RAW_DATA!U:U=1)))/$C12)} -> #N/A | J12: {=IF(ISERR(SUM(_xlfn._xlws.FILTER(RAW_DATA!$E:$E,EXACT(_xlfn._xlws.FILTER(CONCATENATE(RAW_DATA!$A:$A,RAW_DATA!$B:$B,RAW_DATA!$C:$C),1),$A12)*(RAW_DATA!V:V=1)))/$D12),"",SUM(_xlfn._xlws.FILTER(RAW_DATA!$E:$E,EXACT(_xlfn._xlws.FILTER(CONCATENATE(RAW_DATA!$A:$A,RAW_DATA!$B:$B,RAW_DATA!$C:$C),1),$A12)*(RAW_DATA!V:V=1)))/$D12)} -> #N/A | K12: {=IF(ISERR(SUM(_xlfn._xlws.FILTER(RAW_DATA!$F:$F,EXACT(_xlfn._xlws.FILTER(CONCATENATE(RAW_DATA!$A:$A,RAW_DATA!$B:$B,RAW_DATA!$C:$C),1),$A12)*(RAW_DATA!T:T=1)))/$B12),"",SUM(_xlfn._xlws.FILTER(RAW_DATA!$F:$F,EXACT(_xlfn._xlws.FILTER(CONCATENATE(RAW_DATA!$A:$A,RAW_DATA!$B:$B,RAW_DATA!$C:$C),1),$A12)*(RAW_DATA!T:T=1)))/$B12)} -> #N/A | L12: {=IF(ISERR(SUM(_xlfn._xlws.FILTER(RAW_DATA!$F:$F,EXACT(_xlfn._xlws.FILTER(CONCATENATE(RAW_DATA!$A:$A,RAW_DATA!$B:$B,RAW_DATA!$C:$C),1),$A12)*(RAW_DATA!U:U=1)))/$C12),"",SUM(_xlfn._xlws.FILTER(RAW_DATA!$F:$F,EXACT(_xlfn._xlws.FILTER(CONCATENATE(RAW_DATA!$A:$A,RAW_DATA!$B:$B,RAW_DATA!$C:$C),1),$A12)*(RAW_DATA!U:U=1)))/$C12)} -> #N/A | M12: {=IF(ISERR(SUM(_xlfn._xlws.FILTER(RAW_DATA!$F:$F,EXACT(_xlfn._xlws.FILTER(CONCATENATE(RAW_DATA!$A:$A,RAW_DATA!$B:$B,RAW_DATA!$C:$C),1),$A12)*(RAW_DATA!V:V=1)))/$D12),"",SUM(_xlfn._xlws.FILTER(RAW_DATA!$F:$F,EXACT(_xlfn._xlws.FILTER(CONCATENATE(RAW_DATA!$A:$A,RAW_DATA!$B:$B,RAW_DATA!$C:$C),1),$A12)*(RAW_DATA!V:V=1)))/$D12)} -> #N/A | N12: {=IF(ISERR(SUM(_xlfn._xlws.FILTER(RAW_DATA!G:G,EXACT(_xlfn._xlws.FILTER(CONCATENATE(RAW_DATA!$A:$A,RAW_DATA!$B:$B,RAW_DATA!$C:$C),1),$A12)*(RAW_DATA!$T:$T=1)))/$B12),"",SUM(_xlfn._xlws.FILTER(RAW_DATA!G:G,EXACT(_xlfn._xlws.FILTER(CONCATENATE(RAW_DATA!$A:$A,RAW_DATA!$B:$B,RAW_DATA!$C:$C),1),$A12)*(RAW_DATA!$T:$T=1)))/$B12)} -> #N/A | O12: {=IF(ISERR(SUM(_xlfn._xlws.FILTER(RAW_DATA!H:H,EXACT(_xlfn._xlws.FILTER(CONCATENATE(RAW_DATA!$A:$A,RAW_DATA!$B:$B,RAW_DATA!$C:$C),1),$A12)*(RAW_DATA!$T:$T=1)))/$B12),"",SUM(_xlfn._xlws.FILTER(RAW_DATA!H:H,EXACT(_xlfn._xlws.FILTER(CONCATENATE(RAW_DATA!$A:$A,RAW_DATA!$B:$B,RAW_DATA!$C:$C),1),$A12)*(RAW_DATA!$T:$T=1)))/$B12)} -> #N/A | P12: {=IF(ISERR(SUM(_xlfn._xlws.FILTER(RAW_DATA!I:I,EXACT(_xlfn._xlws.FILTER(CONCATENATE(RAW_DATA!$A:$A,RAW_DATA!$B:$B,RAW_DATA!$C:$C),1),$A12)*(RAW_DATA!$T:$T=1)))/$B12),"",SUM(_xlfn._xlws.FILTER(RAW_DATA!I:I,EXACT(_xlfn._xlws.FILTER(CONCATENATE(RAW_DATA!$A:$A,RAW_DATA!$B:$B,RAW_DATA!$C:$C),1),$A12)*(RAW_DATA!$T:$T=1)))/$B12)} -> #N/A | Q12: {=IF(ISERR(SUM(_xlfn._xlws.FILTER(RAW_DATA!J:J,EXACT(_xlfn._xlws.FILTER(CONCATENATE(RAW_DATA!$A:$A,RAW_DATA!$B:$B,RAW_DATA!$C:$C),1),$A12)*(RAW_DATA!$T:$T=1)))/$B12),"",SUM(_xlfn._xlws.FILTER(RAW_DATA!J:J,EXACT(_xlfn._xlws.FILTER(CONCATENATE(RAW_DATA!$A:$A,RAW_DATA!$B:$B,RAW_DATA!$C:$C),1),$A12)*(RAW_DATA!$T:$T=1)))/$B12)} -> #N/A | R12: {=IF(ISERR(SUM(_xlfn._xlws.FILTER(RAW_DATA!K:K,EXACT(_xlfn._xlws.FILTER(CONCATENATE(RAW_DATA!$A:$A,RAW_DATA!$B:$B,RAW_DATA!$C:$C),1),$A12)*(RAW_DATA!$T:$T=1)))/$B12),"",SUM(_xlfn._xlws.FILTER(RAW_DATA!K:K,EXACT(_xlfn._xlws.FILTER(CONCATENATE(RAW_DATA!$A:$A,RAW_DATA!$B:$B,RAW_DATA!$C:$C),1),$A12)*(RAW_DATA!$T:$T=1)))/$B12)} -> #N/A | S12: {=IF(ISERR(SUM(_xlfn._xlws.FILTER(RAW_DATA!L:L,EXACT(_xlfn._xlws.FILTER(CONCATENATE(RAW_DATA!$A:$A,RAW_DATA!$B:$B,RAW_DATA!$C:$C),1),$A12)*(RAW_DATA!$T:$T=1)))/$B12),"",SUM(_xlfn._xlws.FILTER(RAW_DATA!L:L,EXACT(_xlfn._xlws.FILTER(CONCATENATE(RAW_DATA!$A:$A,RAW_DATA!$B:$B,RAW_DATA!$C:$C),1),$A12)*(RAW_DATA!$T:$T=1)))/$B12)} -> #N/A | T12: {=IF(ISERR(SUM(_xlfn._xlws.FILTER(RAW_DATA!M:M,EXACT(_xlfn._xlws.FILTER(CONCATENATE(RAW_DATA!$A:$A,RAW_DATA!$B:$B,RAW_DATA!$C:$C),1),$A12)*(RAW_DATA!$V:$V=1)))/$D12),"",SUM(_xlfn._xlws.FILTER(RAW_DATA!M:M,EXACT(_xlfn._xlws.FILTER(CONCATENATE(RAW_DATA!$A:$A,RAW_DATA!$B:$B,RAW_DATA!$C:$C),1),$A12)*(RAW_DATA!$V:$V=1)))/$D12)} -> #N/A | U12: {=IF(ISERR(SUM(_xlfn._xlws.FILTER(RAW_DATA!N:N,EXACT(_xlfn._xlws.FILTER(CONCATENATE(RAW_DATA!$A:$A,RAW_DATA!$B:$B,RAW_DATA!$C:$C),1),$A12)*(RAW_DATA!$V:$V=1)))/$D12),"",SUM(_xlfn._xlws.FILTER(RAW_DATA!N:N,EXACT(_xlfn._xlws.FILTER(CONCATENATE(RAW_DATA!$A:$A,RAW_DATA!$B:$B,RAW_DATA!$C:$C),1),$A12)*(RAW_DATA!$V:$V=1)))/$D12)} -> #N/A | V12: {=IF(ISERR(SUM(_xlfn._xlws.FILTER(RAW_DATA!O:O,EXACT(_xlfn._xlws.FILTER(CONCATENATE(RAW_DATA!$A:$A,RAW_DATA!$B:$B,RAW_DATA!$C:$C),1),$A12)*(RAW_DATA!$V:$V=1)))/$D12),"",SUM(_xlfn._xlws.FILTER(RAW_DATA!O:O,EXACT(_xlfn._xlws.FILTER(CONCATENATE(RAW_DATA!$A:$A,RAW_DATA!$B:$B,RAW_DATA!$C:$C),1),$A12)*(RAW_DATA!$V:$V=1)))/$D12)} -> #N/A | W12: {=IF(ISERR(SUM(_xlfn._xlws.FILTER(RAW_DATA!P:P,EXACT(_xlfn._xlws.FILTER(CONCATENATE(RAW_DATA!$A:$A,RAW_DATA!$B:$B,RAW_DATA!$C:$C),1),$A12)*(RAW_DATA!$V:$V=1)))/$D12),"",SUM(_xlfn._xlws.FILTER(RAW_DATA!P:P,EXACT(_xlfn._xlws.FILTER(CONCATENATE(RAW_DATA!$A:$A,RAW_DATA!$B:$B,RAW_DATA!$C:$C),1),$A12)*(RAW_DATA!$V:$V=1)))/$D12)} -> #N/A | X12: {=IF(ISERR(SUM(_xlfn._xlws.FILTER(RAW_DATA!Q:Q,EXACT(_xlfn._xlws.FILTER(CONCATENATE(RAW_DATA!$A:$A,RAW_DATA!$B:$B,RAW_DATA!$C:$C),1),$A12)*(RAW_DATA!$V:$V=1)))/$D12),"",SUM(_xlfn._xlws.FILTER(RAW_DATA!Q:Q,EXACT(_xlfn._xlws.FILTER(CONCATENATE(RAW_DATA!$A:$A,RAW_DATA!$B:$B,RAW_DATA!$C:$C),1),$A12)*(RAW_DATA!$V:$V=1)))/$D12)} -> #N/A | Y12: {=IF(ISERR(SUM(_xlfn._xlws.FILTER(RAW_DATA!R:R,EXACT(_xlfn._xlws.FILTER(CONCATENATE(RAW_DATA!$A:$A,RAW_DATA!$B:$B,RAW_DATA!$C:$C),1),$A12)*(RAW_DATA!$V:$V=1)))/$D12),"",SUM(_xlfn._xlws.FILTER(RAW_DATA!R:R,EXACT(_xlfn._xlws.FILTER(CONCATENATE(RAW_DATA!$A:$A,RAW_DATA!$B:$B,RAW_DATA!$C:$C),1),$A12)*(RAW_DATA!$V:$V=1)))/$D12)} -> #N/A | Z12: {=IF(ISERR(SUM(_xlfn._xlws.FILTER(RAW_DATA!S:S,EXACT(_xlfn._xlws.FILTER(CONCATENATE(RAW_DATA!$A:$A,RAW_DATA!$B:$B,RAW_DATA!$C:$C),1),$A12)*(RAW_DATA!$V:$V=1)))/$D12),"",SUM(_xlfn._xlws.FILTER(RAW_DATA!S:S,EXACT(_xlfn._xlws.FILTER(CONCATENATE(RAW_DATA!$A:$A,RAW_DATA!$B:$B,RAW_DATA!$C:$C),1),$A12)*(RAW_DATA!$V:$V=1)))/$D12)} -> #N/A
B13: {=IF(ISERR(SUM(_xlfn._xlws.FILTER(RAW_DATA!$T:$T,EXACT(_xlfn._xlws.FILTER(CONCATENATE(RAW_DATA!$A:$A,RAW_DATA!$B:$B,RAW_DATA!$C:$C),1),$A13)))),"",SUM(_xlfn._xlws.FILTER(RAW_DATA!$T:$T,EXACT(_xlfn._xlws.FILTER(CONCATENATE(RAW_DATA!$A:$A,RAW_DATA!$B:$B,RAW_DATA!$C:$C),1),$A13))))} -> 0 | C13: {=IF(ISERR(SUM(_xlfn._xlws.FILTER(RAW_DATA!$U:$U,EXACT(_xlfn._xlws.FILTER(CONCATENATE(RAW_DATA!$A:$A,RAW_DATA!$B:$B,RAW_DATA!$C:$C),1),$A13)))),"",SUM(_xlfn._xlws.FILTER(RAW_DATA!$U:$U,EXACT(_xlfn._xlws.FILTER(CONCATENATE(RAW_DATA!$A:$A,RAW_DATA!$B:$B,RAW_DATA!$C:$C),1),$A13))))} -> 0 | D13: {=IF(ISERR(SUM(_xlfn._xlws.FILTER(RAW_DATA!$V:$V,EXACT(_xlfn._xlws.FILTER(CONCATENATE(RAW_DATA!$A:$A,RAW_DATA!$B:$B,RAW_DATA!$C:$C),1),$A13)))),"",SUM(_xlfn._xlws.FILTER(RAW_DATA!$V:$V,EXACT(_xlfn._xlws.FILTER(CONCATENATE(RAW_DATA!$A:$A,RAW_DATA!$B:$B,RAW_DATA!$C:$C),1),$A13))))} -> 0 | E13: {=IF(ISERR(SUM(_xlfn._xlws.FILTER(RAW_DATA!$X:$X,EXACT(_xlfn._xlws.FILTER(CONCATENATE(RAW_DATA!$A:$A,RAW_DATA!$B:$B,RAW_DATA!$C:$C),1),$A13)*(RAW_DATA!$T:$T=1)))/$B13),"",SUM(_xlfn._xlws.FILTER(RAW_DATA!$X:$X,EXACT(_xlfn._xlws.FILTER(CONCATENATE(RAW_DATA!$A:$A,RAW_DATA!$B:$B,RAW_DATA!$C:$C),1),$A13)*(RAW_DATA!$T:$T=1)))/$B13)} | F13: {=IF(ISERR(SUM(_xlfn._xlws.FILTER(RAW_DATA!$Y:$Y,EXACT(_xlfn._xlws.FILTER(CONCATENATE(RAW_DATA!$A:$A,RAW_DATA!$B:$B,RAW_DATA!$C:$C),1),$A13)*(RAW_DATA!$U:$U=1)))/$C13),"",SUM(_xlfn._xlws.FILTER(RAW_DATA!$Y:$Y,EXACT(_xlfn._xlws.FILTER(CONCATENATE(RAW_DATA!$A:$A,RAW_DATA!$B:$B,RAW_DATA!$C:$C),1),$A13)*(RAW_DATA!$U:$U=1)))/$C13)} | G13: {=IF(ISERR(SUM(_xlfn._xlws.FILTER(RAW_DATA!$Z:$Z,EXACT(_xlfn._xlws.FILTER(CONCATENATE(RAW_DATA!$A:$A,RAW_DATA!$B:$B,RAW_DATA!$C:$C),1),$A13)*(RAW_DATA!$V:$V=1)))/$D13),"",SUM(_xlfn._xlws.FILTER(RAW_DATA!$Z:$Z,EXACT(_xlfn._xlws.FILTER(CONCATENATE(RAW_DATA!$A:$A,RAW_DATA!$B:$B,RAW_DATA!$C:$C),1),$A13)*(RAW_DATA!$V:$V=1)))/$D13)} | H13: {=IF(ISERR(SUM(_xlfn._xlws.FILTER(RAW_DATA!$E:$E,EXACT(_xlfn._xlws.FILTER(CONCATENATE(RAW_DATA!$A:$A,RAW_DATA!$B:$B,RAW_DATA!$C:$C),1),$A13)*(RAW_DATA!T:T=1)))/$B13),"",SUM(_xlfn._xlws.FILTER(RAW_DATA!$E:$E,EXACT(_xlfn._xlws.FILTER(CONCATENATE(RAW_DATA!$A:$A,RAW_DATA!$B:$B,RAW_DATA!$C:$C),1),$A13)*(RAW_DATA!T:T=1)))/$B13)} | I13: {=IF(ISERR(SUM(_xlfn._xlws.FILTER(RAW_DATA!$E:$E,EXACT(_xlfn._xlws.FILTER(CONCATENATE(RAW_DATA!$A:$A,RAW_DATA!$B:$B,RAW_DATA!$C:$C),1),$A13)*(RAW_DATA!U:U=1)))/$C13),"",SUM(_xlfn._xlws.FILTER(RAW_DATA!$E:$E,EXACT(_xlfn._xlws.FILTER(CONCATENATE(RAW_DATA!$A:$A,RAW_DATA!$B:$B,RAW_DATA!$C:$C),1),$A13)*(RAW_DATA!U:U=1)))/$C13)} | J13: {=IF(ISERR(SUM(_xlfn._xlws.FILTER(RAW_DATA!$E:$E,EXACT(_xlfn._xlws.FILTER(CONCATENATE(RAW_DATA!$A:$A,RAW_DATA!$B:$B,RAW_DATA!$C:$C),1),$A13)*(RAW_DATA!V:V=1)))/$D13),"",SUM(_xlfn._xlws.FILTER(RAW_DATA!$E:$E,EXACT(_xlfn._xlws.FILTER(CONCATENATE(RAW_DATA!$A:$A,RAW_DATA!$B:$B,RAW_DATA!$C:$C),1),$A13)*(RAW_DATA!V:V=1)))/$D13)} | K13: {=IF(ISERR(SUM(_xlfn._xlws.FILTER(RAW_DATA!$F:$F,EXACT(_xlfn._xlws.FILTER(CONCATENATE(RAW_DATA!$A:$A,RAW_DATA!$B:$B,RAW_DATA!$C:$C),1),$A13)*(RAW_DATA!T:T=1)))/$B13),"",SUM(_xlfn._xlws.FILTER(RAW_DATA!$F:$F,EXACT(_xlfn._xlws.FILTER(CONCATENATE(RAW_DATA!$A:$A,RAW_DATA!$B:$B,RAW_DATA!$C:$C),1),$A13)*(RAW_DATA!T:T=1)))/$B13)} | L13: {=IF(ISERR(SUM(_xlfn._xlws.FILTER(RAW_DATA!$F:$F,EXACT(_xlfn._xlws.FILTER(CONCATENATE(RAW_DATA!$A:$A,RAW_DATA!$B:$B,RAW_DATA!$C:$C),1),$A13)*(RAW_DATA!U:U=1)))/$C13),"",SUM(_xlfn._xlws.FILTER(RAW_DATA!$F:$F,EXACT(_xlfn._xlws.FILTER(CONCATENATE(RAW_DATA!$A:$A,RAW_DATA!$B:$B,RAW_DATA!$C:$C),1),$A13)*(RAW_DATA!U:U=1)))/$C13)} | M13: {=IF(ISERR(SUM(_xlfn._xlws.FILTER(RAW_DATA!$F:$F,EXACT(_xlfn._xlws.FILTER(CONCATENATE(RAW_DATA!$A:$A,RAW_DATA!$B:$B,RAW_DATA!$C:$C),1),$A13)*(RAW_DATA!V:V=1)))/$D13),"",SUM(_xlfn._xlws.FILTER(RAW_DATA!$F:$F,EXACT(_xlfn._xlws.FILTER(CONCATENATE(RAW_DATA!$A:$A,RAW_DATA!$B:$B,RAW_DATA!$C:$C),1),$A13)*(RAW_DATA!V:V=1)))/$D13)} | N13: {=IF(ISERR(SUM(_xlfn._xlws.FILTER(RAW_DATA!G:G,EXACT(_xlfn._xlws.FILTER(CONCATENATE(RAW_DATA!$A:$A,RAW_DATA!$B:$B,RAW_DATA!$C:$C),1),$A13)*(RAW_DATA!$T:$T=1)))/$B13),"",SUM(_xlfn._xlws.FILTER(RAW_DATA!G:G,EXACT(_xlfn._xlws.FILTER(CONCATENATE(RAW_DATA!$A:$A,RAW_DATA!$B:$B,RAW_DATA!$C:$C),1),$A13)*(RAW_DATA!$T:$T=1)))/$B13)} | O13: {=IF(ISERR(SUM(_xlfn._xlws.FILTER(RAW_DATA!H:H,EXACT(_xlfn._xlws.FILTER(CONCATENATE(RAW_DATA!$A:$A,RAW_DATA!$B:$B,RAW_DATA!$C:$C),1),$A13)*(RAW_DATA!$T:$T=1)))/$B13),"",SUM(_xlfn._xlws.FILTER(RAW_DATA!H:H,EXACT(_xlfn._xlws.FILTER(CONCATENATE(RAW_DATA!$A:$A,RAW_DATA!$B:$B,RAW_DATA!$C:$C),1),$A13)*(RAW_DATA!$T:$T=1)))/$B13)} | P13: {=IF(ISERR(SUM(_xlfn._xlws.FILTER(RAW_DATA!I:I,EXACT(_xlfn._xlws.FILTER(CONCATENATE(RAW_DATA!$A:$A,RAW_DATA!$B:$B,RAW_DATA!$C:$C),1),$A13)*(RAW_DATA!$T:$T=1)))/$B13),"",SUM(_xlfn._xlws.FILTER(RAW_DATA!I:I,EXACT(_xlfn._xlws.FILTER(CONCATENATE(RAW_DATA!$A:$A,RAW_DATA!$B:$B,RAW_DATA!$C:$C),1),$A13)*(RAW_DATA!$T:$T=1)))/$B13)} | Q13: {=IF(ISERR(SUM(_xlfn._xlws.FILTER(RAW_DATA!J:J,EXACT(_xlfn._xlws.FILTER(CONCATENATE(RAW_DATA!$A:$A,RAW_DATA!$B:$B,RAW_DATA!$C:$C),1),$A13)*(RAW_DATA!$T:$T=1)))/$B13),"",SUM(_xlfn._xlws.FILTER(RAW_DATA!J:J,EXACT(_xlfn._xlws.FILTER(CONCATENATE(RAW_DATA!$A:$A,RAW_DATA!$B:$B,RAW_DATA!$C:$C),1),$A13)*(RAW_DATA!$T:$T=1)))/$B13)} | R13: {=IF(ISERR(SUM(_xlfn._xlws.FILTER(RAW_DATA!K:K,EXACT(_xlfn._xlws.FILTER(CONCATENATE(RAW_DATA!$A:$A,RAW_DATA!$B:$B,RAW_DATA!$C:$C),1),$A13)*(RAW_DATA!$T:$T=1)))/$B13),"",SUM(_xlfn._xlws.FILTER(RAW_DATA!K:K,EXACT(_xlfn._xlws.FILTER(CONCATENATE(RAW_DATA!$A:$A,RAW_DATA!$B:$B,RAW_DATA!$C:$C),1),$A13)*(RAW_DATA!$T:$T=1)))/$B13)} | S13: {=IF(ISERR(SUM(_xlfn._xlws.FILTER(RAW_DATA!L:L,EXACT(_xlfn._xlws.FILTER(CONCATENATE(RAW_DATA!$A:$A,RAW_DATA!$B:$B,RAW_DATA!$C:$C),1),$A13)*(RAW_DATA!$T:$T=1)))/$B13),"",SUM(_xlfn._xlws.FILTER(RAW_DATA!L:L,EXACT(_xlfn._xlws.FILTER(CONCATENATE(RAW_DATA!$A:$A,RAW_DATA!$B:$B,RAW_DATA!$C:$C),1),$A13)*(RAW_DATA!$T:$T=1)))/$B13)} | T13: {=IF(ISERR(SUM(_xlfn._xlws.FILTER(RAW_DATA!M:M,EXACT(_xlfn._xlws.FILTER(CONCATENATE(RAW_DATA!$A:$A,RAW_DATA!$B:$B,RAW_DATA!$C:$C),1),$A13)*(RAW_DATA!$V:$V=1)))/$D13),"",SUM(_xlfn._xlws.FILTER(RAW_DATA!M:M,EXACT(_xlfn._xlws.FILTER(CONCATENATE(RAW_DATA!$A:$A,RAW_DATA!$B:$B,RAW_DATA!$C:$C),1),$A13)*(RAW_DATA!$V:$V=1)))/$D13)} | U13: {=IF(ISERR(SUM(_xlfn._xlws.FILTER(RAW_DATA!N:N,EXACT(_xlfn._xlws.FILTER(CONCATENATE(RAW_DATA!$A:$A,RAW_DATA!$B:$B,RAW_DATA!$C:$C),1),$A13)*(RAW_DATA!$V:$V=1)))/$D13),"",SUM(_xlfn._xlws.FILTER(RAW_DATA!N:N,EXACT(_xlfn._xlws.FILTER(CONCATENATE(RAW_DATA!$A:$A,RAW_DATA!$B:$B,RAW_DATA!$C:$C),1),$A13)*(RAW_DATA!$V:$V=1)))/$D13)} | V13: {=IF(ISERR(SUM(_xlfn._xlws.FILTER(RAW_DATA!O:O,EXACT(_xlfn._xlws.FILTER(CONCATENATE(RAW_DATA!$A:$A,RAW_DATA!$B:$B,RAW_DATA!$C:$C),1),$A13)*(RAW_DATA!$V:$V=1)))/$D13),"",SUM(_xlfn._xlws.FILTER(RAW_DATA!O:O,EXACT(_xlfn._xlws.FILTER(CONCATENATE(RAW_DATA!$A:$A,RAW_DATA!$B:$B,RAW_DATA!$C:$C),1),$A13)*(RAW_DATA!$V:$V=1)))/$D13)} | W13: {=IF(ISERR(SUM(_xlfn._xlws.FILTER(RAW_DATA!P:P,EXACT(_xlfn._xlws.FILTER(CONCATENATE(RAW_DATA!$A:$A,RAW_DATA!$B:$B,RAW_DATA!$C:$C),1),$A13)*(RAW_DATA!$V:$V=1)))/$D13),"",SUM(_xlfn._xlws.FILTER(RAW_DATA!P:P,EXACT(_xlfn._xlws.FILTER(CONCATENATE(RAW_DATA!$A:$A,RAW_DATA!$B:$B,RAW_DATA!$C:$C),1),$A13)*(RAW_DATA!$V:$V=1)))/$D13)} | X13: {=IF(ISERR(SUM(_xlfn._xlws.FILTER(RAW_DATA!Q:Q,EXACT(_xlfn._xlws.FILTER(CONCATENATE(RAW_DATA!$A:$A,RAW_DATA!$B:$B,RAW_DATA!$C:$C),1),$A13)*(RAW_DATA!$V:$V=1)))/$D13),"",SUM(_xlfn._xlws.FILTER(RAW_DATA!Q:Q,EXACT(_xlfn._xlws.FILTER(CONCATENATE(RAW_DATA!$A:$A,RAW_DATA!$B:$B,RAW_DATA!$C:$C),1),$A13)*(RAW_DATA!$V:$V=1)))/$D13)} | Y13: {=IF(ISERR(SUM(_xlfn._xlws.FILTER(RAW_DATA!R:R,EXACT(_xlfn._xlws.FILTER(CONCATENATE(RAW_DATA!$A:$A,RAW_DATA!$B:$B,RAW_DATA!$C:$C),1),$A13)*(RAW_DATA!$V:$V=1)))/$D13),"",SUM(_xlfn._xlws.FILTER(RAW_DATA!R:R,EXACT(_xlfn._xlws.FILTER(CONCATENATE(RAW_DATA!$A:$A,RAW_DATA!$B:$B,RAW_DATA!$C:$C),1),$A13)*(RAW_DATA!$V:$V=1)))/$D13)} | Z13: {=IF(ISERR(SUM(_xlfn._xlws.FILTER(RAW_DATA!S:S,EXACT(_xlfn._xlws.FILTER(CONCATENATE(RAW_DATA!$A:$A,RAW_DATA!$B:$B,RAW_DATA!$C:$C),1),$A13)*(RAW_DATA!$V:$V=1)))/$D13),"",SUM(_xlfn._xlws.FILTER(RAW_DATA!S:S,EXACT(_xlfn._xlws.FILTER(CONCATENATE(RAW_DATA!$A:$A,RAW_DATA!$B:$B,RAW_DATA!$C:$C),1),$A13)*(RAW_DATA!$V:$V=1)))/$D13)}
B14: {=IF(ISERR(SUM(_xlfn._xlws.FILTER(RAW_DATA!$T:$T,EXACT(_xlfn._xlws.FILTER(CONCATENATE(RAW_DATA!$A:$A,RAW_DATA!$B:$B,RAW_DATA!$C:$C),1),$A14)))),"",SUM(_xlfn._xlws.FILTER(RAW_DATA!$T:$T,EXACT(_xlfn._xlws.FILTER(CONCATENATE(RAW_DATA!$A:$A,RAW_DATA!$B:$B,RAW_DATA!$C:$C),1),$A14))))} -> 0 | C14: {=IF(ISERR(SUM(_xlfn._xlws.FILTER(RAW_DATA!$U:$U,EXACT(_xlfn._xlws.FILTER(CONCATENATE(RAW_DATA!$A:$A,RAW_DATA!$B:$B,RAW_DATA!$C:$C),1),$A14)))),"",SUM(_xlfn._xlws.FILTER(RAW_DATA!$U:$U,EXACT(_xlfn._xlws.FILTER(CONCATENATE(RAW_DATA!$A:$A,RAW_DATA!$B:$B,RAW_DATA!$C:$C),1),$A14))))} -> 0 | D14: {=IF(ISERR(SUM(_xlfn._xlws.FILTER(RAW_DATA!$V:$V,EXACT(_xlfn._xlws.FILTER(CONCATENATE(RAW_DATA!$A:$A,RAW_DATA!$B:$B,RAW_DATA!$C:$C),1),$A14)))),"",SUM(_xlfn._xlws.FILTER(RAW_DATA!$V:$V,EXACT(_xlfn._xlws.FILTER(CONCATENATE(RAW_DATA!$A:$A,RAW_DATA!$B:$B,RAW_DATA!$C:$C),1),$A14))))} -> 0 | E14: {=IF(ISERR(SUM(_xlfn._xlws.FILTER(RAW_DATA!$X:$X,EXACT(_xlfn._xlws.FILTER(CONCATENATE(RAW_DATA!$A:$A,RAW_DATA!$B:$B,RAW_DATA!$C:$C),1),$A14)*(RAW_DATA!$T:$T=1)))/$B14),"",SUM(_xlfn._xlws.FILTER(RAW_DATA!$X:$X,EXACT(_xlfn._xlws.FILTER(CONCATENATE(RAW_DATA!$A:$A,RAW_DATA!$B:$B,RAW_DATA!$C:$C),1),$A14)*(RAW_DATA!$T:$T=1)))/$B14)} | F14: {=IF(ISERR(SUM(_xlfn._xlws.FILTER(RAW_DATA!$Y:$Y,EXACT(_xlfn._xlws.FILTER(CONCATENATE(RAW_DATA!$A:$A,RAW_DATA!$B:$B,RAW_DATA!$C:$C),1),$A14)*(RAW_DATA!$U:$U=1)))/$C14),"",SUM(_xlfn._xlws.FILTER(RAW_DATA!$Y:$Y,EXACT(_xlfn._xlws.FILTER(CONCATENATE(RAW_DATA!$A:$A,RAW_DATA!$B:$B,RAW_DATA!$C:$C),1),$A14)*(RAW_DATA!$U:$U=1)))/$C14)} | G14: {=IF(ISERR(SUM(_xlfn._xlws.FILTER(RAW_DATA!$Z:$Z,EXACT(_xlfn._xlws.FILTER(CONCATENATE(RAW_DATA!$A:$A,RAW_DATA!$B:$B,RAW_DATA!$C:$C),1),$A14)*(RAW_DATA!$V:$V=1)))/$D14),"",SUM(_xlfn._xlws.FILTER(RAW_DATA!$Z:$Z,EXACT(_xlfn._xlws.FILTER(CONCATENATE(RAW_DATA!$A:$A,RAW_DATA!$B:$B,RAW_DATA!$C:$C),1),$A14)*(RAW_DATA!$V:$V=1)))/$D14)} | H14: {=IF(ISERR(SUM(_xlfn._xlws.FILTER(RAW_DATA!$E:$E,EXACT(_xlfn._xlws.FILTER(CONCATENATE(RAW_DATA!$A:$A,RAW_DATA!$B:$B,RAW_DATA!$C:$C),1),$A14)*(RAW_DATA!T:T=1)))/$B14),"",SUM(_xlfn._xlws.FILTER(RAW_DATA!$E:$E,EXACT(_xlfn._xlws.FILTER(CONCATENATE(RAW_DATA!$A:$A,RAW_DATA!$B:$B,RAW_DATA!$C:$C),1),$A14)*(RAW_DATA!T:T=1)))/$B14)} | I14: {=IF(ISERR(SUM(_xlfn._xlws.FILTER(RAW_DATA!$E:$E,EXACT(_xlfn._xlws.FILTER(CONCATENATE(RAW_DATA!$A:$A,RAW_DATA!$B:$B,RAW_DATA!$C:$C),1),$A14)*(RAW_DATA!U:U=1)))/$C14),"",SUM(_xlfn._xlws.FILTER(RAW_DATA!$E:$E,EXACT(_xlfn._xlws.FILTER(CONCATENATE(RAW_DATA!$A:$A,RAW_DATA!$B:$B,RAW_DATA!$C:$C),1),$A14)*(RAW_DATA!U:U=1)))/$C14)} | J14: {=IF(ISERR(SUM(_xlfn._xlws.FILTER(RAW_DATA!$E:$E,EXACT(_xlfn._xlws.FILTER(CONCATENATE(RAW_DATA!$A:$A,RAW_DATA!$B:$B,RAW_DATA!$C:$C),1),$A14)*(RAW_DATA!V:V=1)))/$D14),"",SUM(_xlfn._xlws.FILTER(RAW_DATA!$E:$E,EXACT(_xlfn._xlws.FILTER(CONCATENATE(RAW_DATA!$A:$A,RAW_DATA!$B:$B,RAW_DATA!$C:$C),1),$A14)*(RAW_DATA!V:V=1)))/$D14)} | K14: {=IF(ISERR(SUM(_xlfn._xlws.FILTER(RAW_DATA!$F:$F,EXACT(_xlfn._xlws.FILTER(CONCATENATE(RAW_DATA!$A:$A,RAW_DATA!$B:$B,RAW_DATA!$C:$C),1),$A14)*(RAW_DATA!T:T=1)))/$B14),"",SUM(_xlfn._xlws.FILTER(RAW_DATA!$F:$F,EXACT(_xlfn._xlws.FILTER(CONCATENATE(RAW_DATA!$A:$A,RAW_DATA!$B:$B,RAW_DATA!$C:$C),1),$A14)*(RAW_DATA!T:T=1)))/$B14)} | L14: {=IF(ISERR(SUM(_xlfn._xlws.FILTER(RAW_DATA!$F:$F,EXACT(_xlfn._xlws.FILTER(CONCATENATE(RAW_DATA!$A:$A,RAW_DATA!$B:$B,RAW_DATA!$C:$C),1),$A14)*(RAW_DATA!U:U=1)))/$C14),"",SUM(_xlfn._xlws.FILTER(RAW_DATA!$F:$F,EXACT(_xlfn._xlws.FILTER(CONCATENATE(RAW_DATA!$A:$A,RAW_DATA!$B:$B,RAW_DATA!$C:$C),1),$A14)*(RAW_DATA!U:U=1)))/$C14)} | M14: {=IF(ISERR(SUM(_xlfn._xlws.FILTER(RAW_DATA!$F:$F,EXACT(_xlfn._xlws.FILTER(CONCATENATE(RAW_DATA!$A:$A,RAW_DATA!$B:$B,RAW_DATA!$C:$C),1),$A14)*(RAW_DATA!V:V=1)))/$D14),"",SUM(_xlfn._xlws.FILTER(RAW_DATA!$F:$F,EXACT(_xlfn._xlws.FILTER(CONCATENATE(RAW_DATA!$A:$A,RAW_DATA!$B:$B,RAW_DATA!$C:$C),1),$A14)*(RAW_DATA!V:V=1)))/$D14)} | N14: {=IF(ISERR(SUM(_xlfn._xlws.FILTER(RAW_DATA!G:G,EXACT(_xlfn._xlws.FILTER(CONCATENATE(RAW_DATA!$A:$A,RAW_DATA!$B:$B,RAW_DATA!$C:$C),1),$A14)*(RAW_DATA!$T:$T=1)))/$B14),"",SUM(_xlfn._xlws.FILTER(RAW_DATA!G:G,EXACT(_xlfn._xlws.FILTER(CONCATENATE(RAW_DATA!$A:$A,RAW_DATA!$B:$B,RAW_DATA!$C:$C),1),$A14)*(RAW_DATA!$T:$T=1)))/$B14)} | O14: {=IF(ISERR(SUM(_xlfn._xlws.FILTER(RAW_DATA!H:H,EXACT(_xlfn._xlws.FILTER(CONCATENATE(RAW_DATA!$A:$A,RAW_DATA!$B:$B,RAW_DATA!$C:$C),1),$A14)*(RAW_DATA!$T:$T=1)))/$B14),"",SUM(_xlfn._xlws.FILTER(RAW_DATA!H:H,EXACT(_xlfn._xlws.FILTER(CONCATENATE(RAW_DATA!$A:$A,RAW_DATA!$B:$B,RAW_DATA!$C:$C),1),$A14)*(RAW_DATA!$T:$T=1)))/$B14)} | P14: {=IF(ISERR(SUM(_xlfn._xlws.FILTER(RAW_DATA!I:I,EXACT(_xlfn._xlws.FILTER(CONCATENATE(RAW_DATA!$A:$A,RAW_DATA!$B:$B,RAW_DATA!$C:$C),1),$A14)*(RAW_DATA!$T:$T=1)))/$B14),"",SUM(_xlfn._xlws.FILTER(RAW_DATA!I:I,EXACT(_xlfn._xlws.FILTER(CONCATENATE(RAW_DATA!$A:$A,RAW_DATA!$B:$B,RAW_DATA!$C:$C),1),$A14)*(RAW_DATA!$T:$T=1)))/$B14)} | Q14: {=IF(ISERR(SUM(_xlfn._xlws.FILTER(RAW_DATA!J:J,EXACT(_xlfn._xlws.FILTER(CONCATENATE(RAW_DATA!$A:$A,RAW_DATA!$B:$B,RAW_DATA!$C:$C),1),$A14)*(RAW_DATA!$T:$T=1)))/$B14),"",SUM(_xlfn._xlws.FILTER(RAW_DATA!J:J,EXACT(_xlfn._xlws.FILTER(CONCATENATE(RAW_DATA!$A:$A,RAW_DATA!$B:$B,RAW_DATA!$C:$C),1),$A14)*(RAW_DATA!$T:$T=1)))/$B14)} | R14: {=IF(ISERR(SUM(_xlfn._xlws.FILTER(RAW_DATA!K:K,EXACT(_xlfn._xlws.FILTER(CONCATENATE(RAW_DATA!$A:$A,RAW_DATA!$B:$B,RAW_DATA!$C:$C),1),$A14)*(RAW_DATA!$T:$T=1)))/$B14),"",SUM(_xlfn._xlws.FILTER(RAW_DATA!K:K,EXACT(_xlfn._xlws.FILTER(CONCATENATE(RAW_DATA!$A:$A,RAW_DATA!$B:$B,RAW_DATA!$C:$C),1),$A14)*(RAW_DATA!$T:$T=1)))/$B14)} | S14: {=IF(ISERR(SUM(_xlfn._xlws.FILTER(RAW_DATA!L:L,EXACT(_xlfn._xlws.FILTER(CONCATENATE(RAW_DATA!$A:$A,RAW_DATA!$B:$B,RAW_DATA!$C:$C),1),$A14)*(RAW_DATA!$T:$T=1)))/$B14),"",SUM(_xlfn._xlws.FILTER(RAW_DATA!L:L,EXACT(_xlfn._xlws.FILTER(CONCATENATE(RAW_DATA!$A:$A,RAW_DATA!$B:$B,RAW_DATA!$C:$C),1),$A14)*(RAW_DATA!$T:$T=1)))/$B14)} | T14: {=IF(ISERR(SUM(_xlfn._xlws.FILTER(RAW_DATA!M:M,EXACT(_xlfn._xlws.FILTER(CONCATENATE(RAW_DATA!$A:$A,RAW_DATA!$B:$B,RAW_DATA!$C:$C),1),$A14)*(RAW_DATA!$V:$V=1)))/$D14),"",SUM(_xlfn._xlws.FILTER(RAW_DATA!M:M,EXACT(_xlfn._xlws.FILTER(CONCATENATE(RAW_DATA!$A:$A,RAW_DATA!$B:$B,RAW_DATA!$C:$C),1),$A14)*(RAW_DATA!$V:$V=1)))/$D14)} | U14: {=IF(ISERR(SUM(_xlfn._xlws.FILTER(RAW_DATA!N:N,EXACT(_xlfn._xlws.FILTER(CONCATENATE(RAW_DATA!$A:$A,RAW_DATA!$B:$B,RAW_DATA!$C:$C),1),$A14)*(RAW_DATA!$V:$V=1)))/$D14),"",SUM(_xlfn._xlws.FILTER(RAW_DATA!N:N,EXACT(_xlfn._xlws.FILTER(CONCATENATE(RAW_DATA!$A:$A,RAW_DATA!$B:$B,RAW_DATA!$C:$C),1),$A14)*(RAW_DATA!$V:$V=1)))/$D14)} | V14: {=IF(ISERR(SUM(_xlfn._xlws.FILTER(RAW_DATA!O:O,EXACT(_xlfn._xlws.FILTER(CONCATENATE(RAW_DATA!$A:$A,RAW_DATA!$B:$B,RAW_DATA!$C:$C),1),$A14)*(RAW_DATA!$V:$V=1)))/$D14),"",SUM(_xlfn._xlws.FILTER(RAW_DATA!O:O,EXACT(_xlfn._xlws.FILTER(CONCATENATE(RAW_DATA!$A:$A,RAW_DATA!$B:$B,RAW_DATA!$C:$C),1),$A14)*(RAW_DATA!$V:$V=1)))/$D14)} | W14: {=IF(ISERR(SUM(_xlfn._xlws.FILTER(RAW_DATA!P:P,EXACT(_xlfn._xlws.FILTER(CONCATENATE(RAW_DATA!$A:$A,RAW_DATA!$B:$B,RAW_DATA!$C:$C),1),$A14)*(RAW_DATA!$V:$V=1)))/$D14),"",SUM(_xlfn._xlws.FILTER(RAW_DATA!P:P,EXACT(_xlfn._xlws.FILTER(CONCATENATE(RAW_DATA!$A:$A,RAW_DATA!$B:$B,RAW_DATA!$C:$C),1),$A14)*(RAW_DATA!$V:$V=1)))/$D14)} | X14: {=IF(ISERR(SUM(_xlfn._xlws.FILTER(RAW_DATA!Q:Q,EXACT(_xlfn._xlws.FILTER(CONCATENATE(RAW_DATA!$A:$A,RAW_DATA!$B:$B,RAW_DATA!$C:$C),1),$A14)*(RAW_DATA!$V:$V=1)))/$D14),"",SUM(_xlfn._xlws.FILTER(RAW_DATA!Q:Q,EXACT(_xlfn._xlws.FILTER(CONCATENATE(RAW_DATA!$A:$A,RAW_DATA!$B:$B,RAW_DATA!$C:$C),1),$A14)*(RAW_DATA!$V:$V=1)))/$D14)} | Y14: {=IF(ISERR(SUM(_xlfn._xlws.FILTER(RAW_DATA!R:R,EXACT(_xlfn._xlws.FILTER(CONCATENATE(RAW_DATA!$A:$A,RAW_DATA!$B:$B,RAW_DATA!$C:$C),1),$A14)*(RAW_DATA!$V:$V=1)))/$D14),"",SUM(_xlfn._xlws.FILTER(RAW_DATA!R:R,EXACT(_xlfn._xlws.FILTER(CONCATENATE(RAW_DATA!$A:$A,RAW_DATA!$B:$B,RAW_DATA!$C:$C),1),$A14)*(RAW_DATA!$V:$V=1)))/$D14)} | Z14: {=IF(ISERR(SUM(_xlfn._xlws.FILTER(RAW_DATA!S:S,EXACT(_xlfn._xlws.FILTER(CONCATENATE(RAW_DATA!$A:$A,RAW_DATA!$B:$B,RAW_DATA!$C:$C),1),$A14)*(RAW_DATA!$V:$V=1)))/$D14),"",SUM(_xlfn._xlws.FILTER(RAW_DATA!S:S,EXACT(_xlfn._xlws.FILTER(CONCATENATE(RAW_DATA!$A:$A,RAW_DATA!$B:$B,RAW_DATA!$C:$C),1),$A14)*(RAW_DATA!$V:$V=1)))/$D14)}
B15: {=IF(ISERR(SUM(_xlfn._xlws.FILTER(RAW_DATA!$T:$T,EXACT(_xlfn._xlws.FILTER(CONCATENATE(RAW_DATA!$A:$A,RAW_DATA!$B:$B,RAW_DATA!$C:$C),1),$A15)))),"",SUM(_xlfn._xlws.FILTER(RAW_DATA!$T:$T,EXACT(_xlfn._xlws.FILTER(CONCATENATE(RAW_DATA!$A:$A,RAW_DATA!$B:$B,RAW_DATA!$C:$C),1),$A15))))} -> 0 | C15: {=IF(ISERR(SUM(_xlfn._xlws.FILTER(RAW_DATA!$U:$U,EXACT(_xlfn._xlws.FILTER(CONCATENATE(RAW_DATA!$A:$A,RAW_DATA!$B:$B,RAW_DATA!$C:$C),1),$A15)))),"",SUM(_xlfn._xlws.FILTER(RAW_DATA!$U:$U,EXACT(_xlfn._xlws.FILTER(CONCATENATE(RAW_DATA!$A:$A,RAW_DATA!$B:$B,RAW_DATA!$C:$C),1),$A15))))} -> 0 | D15: {=IF(ISERR(SUM(_xlfn._xlws.FILTER(RAW_DATA!$V:$V,EXACT(_xlfn._xlws.FILTER(CONCATENATE(RAW_DATA!$A:$A,RAW_DATA!$B:$B,RAW_DATA!$C:$C),1),$A15)))),"",SUM(_xlfn._xlws.FILTER(RAW_DATA!$V:$V,EXACT(_xlfn._xlws.FILTER(CONCATENATE(RAW_DATA!$A:$A,RAW_DATA!$B:$B,RAW_DATA!$C:$C),1),$A15))))} -> 0 | E15: {=IF(ISERR(SUM(_xlfn._xlws.FILTER(RAW_DATA!$X:$X,EXACT(_xlfn._xlws.FILTER(CONCATENATE(RAW_DATA!$A:$A,RAW_DATA!$B:$B,RAW_DATA!$C:$C),1),$A15)*(RAW_DATA!$T:$T=1)))/$B15),"",SUM(_xlfn._xlws.FILTER(RAW_DATA!$X:$X,EXACT(_xlfn._xlws.FILTER(CONCATENATE(RAW_DATA!$A:$A,RAW_DATA!$B:$B,RAW_DATA!$C:$C),1),$A15)*(RAW_DATA!$T:$T=1)))/$B15)} | F15: {=IF(ISERR(SUM(_xlfn._xlws.FILTER(RAW_DATA!$Y:$Y,EXACT(_xlfn._xlws.FILTER(CONCATENATE(RAW_DATA!$A:$A,RAW_DATA!$B:$B,RAW_DATA!$C:$C),1),$A15)*(RAW_DATA!$U:$U=1)))/$C15),"",SUM(_xlfn._xlws.FILTER(RAW_DATA!$Y:$Y,EXACT(_xlfn._xlws.FILTER(CONCATENATE(RAW_DATA!$A:$A,RAW_DATA!$B:$B,RAW_DATA!$C:$C),1),$A15)*(RAW_DATA!$U:$U=1)))/$C15)} | G15: {=IF(ISERR(SUM(_xlfn._xlws.FILTER(RAW_DATA!$Z:$Z,EXACT(_xlfn._xlws.FILTER(CONCATENATE(RAW_DATA!$A:$A,RAW_DATA!$B:$B,RAW_DATA!$C:$C),1),$A15)*(RAW_DATA!$V:$V=1)))/$D15),"",SUM(_xlfn._xlws.FILTER(RAW_DATA!$Z:$Z,EXACT(_xlfn._xlws.FILTER(CONCATENATE(RAW_DATA!$A:$A,RAW_DATA!$B:$B,RAW_DATA!$C:$C),1),$A15)*(RAW_DATA!$V:$V=1)))/$D15)} | H15: {=IF(ISERR(SUM(_xlfn._xlws.FILTER(RAW_DATA!$E:$E,EXACT(_xlfn._xlws.FILTER(CONCATENATE(RAW_DATA!$A:$A,RAW_DATA!$B:$B,RAW_DATA!$C:$C),1),$A15)*(RAW_DATA!T:T=1)))/$B15),"",SUM(_xlfn._xlws.FILTER(RAW_DATA!$E:$E,EXACT(_xlfn._xlws.FILTER(CONCATENATE(RAW_DATA!$A:$A,RAW_DATA!$B:$B,RAW_DATA!$C:$C),1),$A15)*(RAW_DATA!T:T=1)))/$B15)} | I15: {=IF(ISERR(SUM(_xlfn._xlws.FILTER(RAW_DATA!$E:$E,EXACT(_xlfn._xlws.FILTER(CONCATENATE(RAW_DATA!$A:$A,RAW_DATA!$B:$B,RAW_DATA!$C:$C),1),$A15)*(RAW_DATA!U:U=1)))/$C15),"",SUM(_xlfn._xlws.FILTER(RAW_DATA!$E:$E,EXACT(_xlfn._xlws.FILTER(CONCATENATE(RAW_DATA!$A:$A,RAW_DATA!$B:$B,RAW_DATA!$C:$C),1),$A15)*(RAW_DATA!U:U=1)))/$C15)} | J15: {=IF(ISERR(SUM(_xlfn._xlws.FILTER(RAW_DATA!$E:$E,EXACT(_xlfn._xlws.FILTER(CONCATENATE(RAW_DATA!$A:$A,RAW_DATA!$B:$B,RAW_DATA!$C:$C),1),$A15)*(RAW_DATA!V:V=1)))/$D15),"",SUM(_xlfn._xlws.FILTER(RAW_DATA!$E:$E,EXACT(_xlfn._xlws.FILTER(CONCATENATE(RAW_DATA!$A:$A,RAW_DATA!$B:$B,RAW_DATA!$C:$C),1),$A15)*(RAW_DATA!V:V=1)))/$D15)} | K15: {=IF(ISERR(SUM(_xlfn._xlws.FILTER(RAW_DATA!$F:$F,EXACT(_xlfn._xlws.FILTER(CONCATENATE(RAW_DATA!$A:$A,RAW_DATA!$B:$B,RAW_DATA!$C:$C),1),$A15)*(RAW_DATA!T:T=1)))/$B15),"",SUM(_xlfn._xlws.FILTER(RAW_DATA!$F:$F,EXACT(_xlfn._xlws.FILTER(CONCATENATE(RAW_DATA!$A:$A,RAW_DATA!$B:$B,RAW_DATA!$C:$C),1),$A15)*(RAW_DATA!T:T=1)))/$B15)} | L15: {=IF(ISERR(SUM(_xlfn._xlws.FILTER(RAW_DATA!$F:$F,EXACT(_xlfn._xlws.FILTER(CONCATENATE(RAW_DATA!$A:$A,RAW_DATA!$B:$B,RAW_DATA!$C:$C),1),$A15)*(RAW_DATA!U:U=1)))/$C15),"",SUM(_xlfn._xlws.FILTER(RAW_DATA!$F:$F,EXACT(_xlfn._xlws.FILTER(CONCATENATE(RAW_DATA!$A:$A,RAW_DATA!$B:$B,RAW_DATA!$C:$C),1),$A15)*(RAW_DATA!U:U=1)))/$C15)} | M15: {=IF(ISERR(SUM(_xlfn._xlws.FILTER(RAW_DATA!$F:$F,EXACT(_xlfn._xlws.FILTER(CONCATENATE(RAW_DATA!$A:$A,RAW_DATA!$B:$B,RAW_DATA!$C:$C),1),$A15)*(RAW_DATA!V:V=1)))/$D15),"",SUM(_xlfn._xlws.FILTER(RAW_DATA!$F:$F,EXACT(_xlfn._xlws.FILTER(CONCATENATE(RAW_DATA!$A:$A,RAW_DATA!$B:$B,RAW_DATA!$C:$C),1),$A15)*(RAW_DATA!V:V=1)))/$D15)} | N15: {=IF(ISERR(SUM(_xlfn._xlws.FILTER(RAW_DATA!G:G,EXACT(_xlfn._xlws.FILTER(CONCATENATE(RAW_DATA!$A:$A,RAW_DATA!$B:$B,RAW_DATA!$C:$C),1),$A15)*(RAW_DATA!$T:$T=1)))/$B15),"",SUM(_xlfn._xlws.FILTER(RAW_DATA!G:G,EXACT(_xlfn._xlws.FILTER(CONCATENATE(RAW_DATA!$A:$A,RAW_DATA!$B:$B,RAW_DATA!$C:$C),1),$A15)*(RAW_DATA!$T:$T=1)))/$B15)} | O15: {=IF(ISERR(SUM(_xlfn._xlws.FILTER(RAW_DATA!H:H,EXACT(_xlfn._xlws.FILTER(CONCATENATE(RAW_DATA!$A:$A,RAW_DATA!$B:$B,RAW_DATA!$C:$C),1),$A15)*(RAW_DATA!$T:$T=1)))/$B15),"",SUM(_xlfn._xlws.FILTER(RAW_DATA!H:H,EXACT(_xlfn._xlws.FILTER(CONCATENATE(RAW_DATA!$A:$A,RAW_DATA!$B:$B,RAW_DATA!$C:$C),1),$A15)*(RAW_DATA!$T:$T=1)))/$B15)} | P15: {=IF(ISERR(SUM(_xlfn._xlws.FILTER(RAW_DATA!I:I,EXACT(_xlfn._xlws.FILTER(CONCATENATE(RAW_DATA!$A:$A,RAW_DATA!$B:$B,RAW_DATA!$C:$C),1),$A15)*(RAW_DATA!$T:$T=1)))/$B15),"",SUM(_xlfn._xlws.FILTER(RAW_DATA!I:I,EXACT(_xlfn._xlws.FILTER(CONCATENATE(RAW_DATA!$A:$A,RAW_DATA!$B:$B,RAW_DATA!$C:$C),1),$A15)*(RAW_DATA!$T:$T=1)))/$B15)} | Q15: {=IF(ISERR(SUM(_xlfn._xlws.FILTER(RAW_DATA!J:J,EXACT(_xlfn._xlws.FILTER(CONCATENATE(RAW_DATA!$A:$A,RAW_DATA!$B:$B,RAW_DATA!$C:$C),1),$A15)*(RAW_DATA!$T:$T=1)))/$B15),"",SUM(_xlfn._xlws.FILTER(RAW_DATA!J:J,EXACT(_xlfn._xlws.FILTER(CONCATENATE(RAW_DATA!$A:$A,RAW_DATA!$B:$B,RAW_DATA!$C:$C),1),$A15)*(RAW_DATA!$T:$T=1)))/$B15)} | R15: {=IF(ISERR(SUM(_xlfn._xlws.FILTER(RAW_DATA!K:K,EXACT(_xlfn._xlws.FILTER(CONCATENATE(RAW_DATA!$A:$A,RAW_DATA!$B:$B,RAW_DATA!$C:$C),1),$A15)*(RAW_DATA!$T:$T=1)))/$B15),"",SUM(_xlfn._xlws.FILTER(RAW_DATA!K:K,EXACT(_xlfn._xlws.FILTER(CONCATENATE(RAW_DATA!$A:$A,RAW_DATA!$B:$B,RAW_DATA!$C:$C),1),$A15)*(RAW_DATA!$T:$T=1)))/$B15)} | S15: {=IF(ISERR(SUM(_xlfn._xlws.FILTER(RAW_DATA!L:L,EXACT(_xlfn._xlws.FILTER(CONCATENATE(RAW_DATA!$A:$A,RAW_DATA!$B:$B,RAW_DATA!$C:$C),1),$A15)*(RAW_DATA!$T:$T=1)))/$B15),"",SUM(_xlfn._xlws.FILTER(RAW_DATA!L:L,EXACT(_xlfn._xlws.FILTER(CONCATENATE(RAW_DATA!$A:$A,RAW_DATA!$B:$B,RAW_DATA!$C:$C),1),$A15)*(RAW_DATA!$T:$T=1)))/$B15)} | T15: {=IF(ISERR(SUM(_xlfn._xlws.FILTER(RAW_DATA!M:M,EXACT(_xlfn._xlws.FILTER(CONCATENATE(RAW_DATA!$A:$A,RAW_DATA!$B:$B,RAW_DATA!$C:$C),1),$A15)*(RAW_DATA!$V:$V=1)))/$D15),"",SUM(_xlfn._xlws.FILTER(RAW_DATA!M:M,EXACT(_xlfn._xlws.FILTER(CONCATENATE(RAW_DATA!$A:$A,RAW_DATA!$B:$B,RAW_DATA!$C:$C),1),$A15)*(RAW_DATA!$V:$V=1)))/$D15)} | U15: {=IF(ISERR(SUM(_xlfn._xlws.FILTER(RAW_DATA!N:N,EXACT(_xlfn._xlws.FILTER(CONCATENATE(RAW_DATA!$A:$A,RAW_DATA!$B:$B,RAW_DATA!$C:$C),1),$A15)*(RAW_DATA!$V:$V=1)))/$D15),"",SUM(_xlfn._xlws.FILTER(RAW_DATA!N:N,EXACT(_xlfn._xlws.FILTER(CONCATENATE(RAW_DATA!$A:$A,RAW_DATA!$B:$B,RAW_DATA!$C:$C),1),$A15)*(RAW_DATA!$V:$V=1)))/$D15)} | V15: {=IF(ISERR(SUM(_xlfn._xlws.FILTER(RAW_DATA!O:O,EXACT(_xlfn._xlws.FILTER(CONCATENATE(RAW_DATA!$A:$A,RAW_DATA!$B:$B,RAW_DATA!$C:$C),1),$A15)*(RAW_DATA!$V:$V=1)))/$D15),"",SUM(_xlfn._xlws.FILTER(RAW_DATA!O:O,EXACT(_xlfn._xlws.FILTER(CONCATENATE(RAW_DATA!$A:$A,RAW_DATA!$B:$B,RAW_DATA!$C:$C),1),$A15)*(RAW_DATA!$V:$V=1)))/$D15)} | W15: {=IF(ISERR(SUM(_xlfn._xlws.FILTER(RAW_DATA!P:P,EXACT(_xlfn._xlws.FILTER(CONCATENATE(RAW_DATA!$A:$A,RAW_DATA!$B:$B,RAW_DATA!$C:$C),1),$A15)*(RAW_DATA!$V:$V=1)))/$D15),"",SUM(_xlfn._xlws.FILTER(RAW_DATA!P:P,EXACT(_xlfn._xlws.FILTER(CONCATENATE(RAW_DATA!$A:$A,RAW_DATA!$B:$B,RAW_DATA!$C:$C),1),$A15)*(RAW_DATA!$V:$V=1)))/$D15)} | X15: {=IF(ISERR(SUM(_xlfn._xlws.FILTER(RAW_DATA!Q:Q,EXACT(_xlfn._xlws.FILTER(CONCATENATE(RAW_DATA!$A:$A,RAW_DATA!$B:$B,RAW_DATA!$C:$C),1),$A15)*(RAW_DATA!$V:$V=1)))/$D15),"",SUM(_xlfn._xlws.FILTER(RAW_DATA!Q:Q,EXACT(_xlfn._xlws.FILTER(CONCATENATE(RAW_DATA!$A:$A,RAW_DATA!$B:$B,RAW_DATA!$C:$C),1),$A15)*(RAW_DATA!$V:$V=1)))/$D15)} | Y15: {=IF(ISERR(SUM(_xlfn._xlws.FILTER(RAW_DATA!R:R,EXACT(_xlfn._xlws.FILTER(CONCATENATE(RAW_DATA!$A:$A,RAW_DATA!$B:$B,RAW_DATA!$C:$C),1),$A15)*(RAW_DATA!$V:$V=1)))/$D15),"",SUM(_xlfn._xlws.FILTER(RAW_DATA!R:R,EXACT(_xlfn._xlws.FILTER(CONCATENATE(RAW_DATA!$A:$A,RAW_DATA!$B:$B,RAW_DATA!$C:$C),1),$A15)*(RAW_DATA!$V:$V=1)))/$D15)} | Z15: {=IF(ISERR(SUM(_xlfn._xlws.FILTER(RAW_DATA!S:S,EXACT(_xlfn._xlws.FILTER(CONCATENATE(RAW_DATA!$A:$A,RAW_DATA!$B:$B,RAW_DATA!$C:$C),1),$A15)*(RAW_DATA!$V:$V=1)))/$D15),"",SUM(_xlfn._xlws.FILTER(RAW_DATA!S:S,EXACT(_xlfn._xlws.FILTER(CONCATENATE(RAW_DATA!$A:$A,RAW_DATA!$B:$B,RAW_DATA!$C:$C),1),$A15)*(RAW_DATA!$V:$V=1)))/$D15)}
B16: {=IF(ISERR(SUM(_xlfn._xlws.FILTER(RAW_DATA!$T:$T,EXACT(_xlfn._xlws.FILTER(CONCATENATE(RAW_DATA!$A:$A,RAW_DATA!$B:$B,RAW_DATA!$C:$C),1),$A16)))),"",SUM(_xlfn._xlws.FILTER(RAW_DATA!$T:$T,EXACT(_xlfn._xlws.FILTER(CONCATENATE(RAW_DATA!$A:$A,RAW_DATA!$B:$B,RAW_DATA!$C:$C),1),$A16))))} -> 0 | C16: {=IF(ISERR(SUM(_xlfn._xlws.FILTER(RAW_DATA!$U:$U,EXACT(_xlfn._xlws.FILTER(CONCATENATE(RAW_DATA!$A:$A,RAW_DATA!$B:$B,RAW_DATA!$C:$C),1),$A16)))),"",SUM(_xlfn._xlws.FILTER(RAW_DATA!$U:$U,EXACT(_xlfn._xlws.FILTER(CONCATENATE(RAW_DATA!$A:$A,RAW_DATA!$B:$B,RAW_DATA!$C:$C),1),$A16))))} -> 0 | D16: {=IF(ISERR(SUM(_xlfn._xlws.FILTER(RAW_DATA!$V:$V,EXACT(_xlfn._xlws.FILTER(CONCATENATE(RAW_DATA!$A:$A,RAW_DATA!$B:$B,RAW_DATA!$C:$C),1),$A16)))),"",SUM(_xlfn._xlws.FILTER(RAW_DATA!$V:$V,EXACT(_xlfn._xlws.FILTER(CONCATENATE(RAW_DATA!$A:$A,RAW_DATA!$B:$B,RAW_DATA!$C:$C),1),$A16))))} -> 0 | E16: {=IF(ISERR(SUM(_xlfn._xlws.FILTER(RAW_DATA!$X:$X,EXACT(_xlfn._xlws.FILTER(CONCATENATE(RAW_DATA!$A:$A,RAW_DATA!$B:$B,RAW_DATA!$C:$C),1),$A16)*(RAW_DATA!$T:$T=1)))/$B16),"",SUM(_xlfn._xlws.FILTER(RAW_DATA!$X:$X,EXACT(_xlfn._xlws.FILTER(CONCATENATE(RAW_DATA!$A:$A,RAW_DATA!$B:$B,RAW_DATA!$C:$C),1),$A16)*(RAW_DATA!$T:$T=1)))/$B16)} | F16: {=IF(ISERR(SUM(_xlfn._xlws.FILTER(RAW_DATA!$Y:$Y,EXACT(_xlfn._xlws.FILTER(CONCATENATE(RAW_DATA!$A:$A,RAW_DATA!$B:$B,RAW_DATA!$C:$C),1),$A16)*(RAW_DATA!$U:$U=1)))/$C16),"",SUM(_xlfn._xlws.FILTER(RAW_DATA!$Y:$Y,EXACT(_xlfn._xlws.FILTER(CONCATENATE(RAW_DATA!$A:$A,RAW_DATA!$B:$B,RAW_DATA!$C:$C),1),$A16)*(RAW_DATA!$U:$U=1)))/$C16)} | G16: {=IF(ISERR(SUM(_xlfn._xlws.FILTER(RAW_DATA!$Z:$Z,EXACT(_xlfn._xlws.FILTER(CONCATENATE(RAW_DATA!$A:$A,RAW_DATA!$B:$B,RAW_DATA!$C:$C),1),$A16)*(RAW_DATA!$V:$V=1)))/$D16),"",SUM(_xlfn._xlws.FILTER(RAW_DATA!$Z:$Z,EXACT(_xlfn._xlws.FILTER(CONCATENATE(RAW_DATA!$A:$A,RAW_DATA!$B:$B,RAW_DATA!$C:$C),1),$A16)*(RAW_DATA!$V:$V=1)))/$D16)} | H16: {=IF(ISERR(SUM(_xlfn._xlws.FILTER(RAW_DATA!$E:$E,EXACT(_xlfn._xlws.FILTER(CONCATENATE(RAW_DATA!$A:$A,RAW_DATA!$B:$B,RAW_DATA!$C:$C),1),$A16)*(RAW_DATA!T:T=1)))/$B16),"",SUM(_xlfn._xlws.FILTER(RAW_DATA!$E:$E,EXACT(_xlfn._xlws.FILTER(CONCATENATE(RAW_DATA!$A:$A,RAW_DATA!$B:$B,RAW_DATA!$C:$C),1),$A16)*(RAW_DATA!T:T=1)))/$B16)} | I16: {=IF(ISERR(SUM(_xlfn._xlws.FILTER(RAW_DATA!$E:$E,EXACT(_xlfn._xlws.FILTER(CONCATENATE(RAW_DATA!$A:$A,RAW_DATA!$B:$B,RAW_DATA!$C:$C),1),$A16)*(RAW_DATA!U:U=1)))/$C16),"",SUM(_xlfn._xlws.FILTER(RAW_DATA!$E:$E,EXACT(_xlfn._xlws.FILTER(CONCATENATE(RAW_DATA!$A:$A,RAW_DATA!$B:$B,RAW_DATA!$C:$C),1),$A16)*(RAW_DATA!U:U=1)))/$C16)} | J16: {=IF(ISERR(SUM(_xlfn._xlws.FILTER(RAW_DATA!$E:$E,EXACT(_xlfn._xlws.FILTER(CONCATENATE(RAW_DATA!$A:$A,RAW_DATA!$B:$B,RAW_DATA!$C:$C),1),$A16)*(RAW_DATA!V:V=1)))/$D16),"",SUM(_xlfn._xlws.FILTER(RAW_DATA!$E:$E,EXACT(_xlfn._xlws.FILTER(CONCATENATE(RAW_DATA!$A:$A,RAW_DATA!$B:$B,RAW_DATA!$C:$C),1),$A16)*(RAW_DATA!V:V=1)))/$D16)} | K16: {=IF(ISERR(SUM(_xlfn._xlws.FILTER(RAW_DATA!$F:$F,EXACT(_xlfn._xlws.FILTER(CONCATENATE(RAW_DATA!$A:$A,RAW_DATA!$B:$B,RAW_DATA!$C:$C),1),$A16)*(RAW_DATA!T:T=1)))/$B16),"",SUM(_xlfn._xlws.FILTER(RAW_DATA!$F:$F,EXACT(_xlfn._xlws.FILTER(CONCATENATE(RAW_DATA!$A:$A,RAW_DATA!$B:$B,RAW_DATA!$C:$C),1),$A16)*(RAW_DATA!T:T=1)))/$B16)} | L16: {=IF(ISERR(SUM(_xlfn._xlws.FILTER(RAW_DATA!$F:$F,EXACT(_xlfn._xlws.FILTER(CONCATENATE(RAW_DATA!$A:$A,RAW_DATA!$B:$B,RAW_DATA!$C:$C),1),$A16)*(RAW_DATA!U:U=1)))/$C16),"",SUM(_xlfn._xlws.FILTER(RAW_DATA!$F:$F,EXACT(_xlfn._xlws.FILTER(CONCATENATE(RAW_DATA!$A:$A,RAW_DATA!$B:$B,RAW_DATA!$C:$C),1),$A16)*(RAW_DATA!U:U=1)))/$C16)} | M16: {=IF(ISERR(SUM(_xlfn._xlws.FILTER(RAW_DATA!$F:$F,EXACT(_xlfn._xlws.FILTER(CONCATENATE(RAW_DATA!$A:$A,RAW_DATA!$B:$B,RAW_DATA!$C:$C),1),$A16)*(RAW_DATA!V:V=1)))/$D16),"",SUM(_xlfn._xlws.FILTER(RAW_DATA!$F:$F,EXACT(_xlfn._xlws.FILTER(CONCATENATE(RAW_DATA!$A:$A,RAW_DATA!$B:$B,RAW_DATA!$C:$C),1),$A16)*(RAW_DATA!V:V=1)))/$D16)} | N16: {=IF(ISERR(SUM(_xlfn._xlws.FILTER(RAW_DATA!G:G,EXACT(_xlfn._xlws.FILTER(CONCATENATE(RAW_DATA!$A:$A,RAW_DATA!$B:$B,RAW_DATA!$C:$C),1),$A16)*(RAW_DATA!$T:$T=1)))/$B16),"",SUM(_xlfn._xlws.FILTER(RAW_DATA!G:G,EXACT(_xlfn._xlws.FILTER(CONCATENATE(RAW_DATA!$A:$A,RAW_DATA!$B:$B,RAW_DATA!$C:$C),1),$A16)*(RAW_DATA!$T:$T=1)))/$B16)} | O16: {=IF(ISERR(SUM(_xlfn._xlws.FILTER(RAW_DATA!H:H,EXACT(_xlfn._xlws.FILTER(CONCATENATE(RAW_DATA!$A:$A,RAW_DATA!$B:$B,RAW_DATA!$C:$C),1),$A16)*(RAW_DATA!$T:$T=1)))/$B16),"",SUM(_xlfn._xlws.FILTER(RAW_DATA!H:H,EXACT(_xlfn._xlws.FILTER(CONCATENATE(RAW_DATA!$A:$A,RAW_DATA!$B:$B,RAW_DATA!$C:$C),1),$A16)*(RAW_DATA!$T:$T=1)))/$B16)} | P16: {=IF(ISERR(SUM(_xlfn._xlws.FILTER(RAW_DATA!I:I,EXACT(_xlfn._xlws.FILTER(CONCATENATE(RAW_DATA!$A:$A,RAW_DATA!$B:$B,RAW_DATA!$C:$C),1),$A16)*(RAW_DATA!$T:$T=1)))/$B16),"",SUM(_xlfn._xlws.FILTER(RAW_DATA!I:I,EXACT(_xlfn._xlws.FILTER(CONCATENATE(RAW_DATA!$A:$A,RAW_DATA!$B:$B,RAW_DATA!$C:$C),1),$A16)*(RAW_DATA!$T:$T=1)))/$B16)} | Q16: {=IF(ISERR(SUM(_xlfn._xlws.FILTER(RAW_DATA!J:J,EXACT(_xlfn._xlws.FILTER(CONCATENATE(RAW_DATA!$A:$A,RAW_DATA!$B:$B,RAW_DATA!$C:$C),1),$A16)*(RAW_DATA!$T:$T=1)))/$B16),"",SUM(_xlfn._xlws.FILTER(RAW_DATA!J:J,EXACT(_xlfn._xlws.FILTER(CONCATENATE(RAW_DATA!$A:$A,RAW_DATA!$B:$B,RAW_DATA!$C:$C),1),$A16)*(RAW_DATA!$T:$T=1)))/$B16)} | R16: {=IF(ISERR(SUM(_xlfn._xlws.FILTER(RAW_DATA!K:K,EXACT(_xlfn._xlws.FILTER(CONCATENATE(RAW_DATA!$A:$A,RAW_DATA!$B:$B,RAW_DATA!$C:$C),1),$A16)*(RAW_DATA!$T:$T=1)))/$B16),"",SUM(_xlfn._xlws.FILTER(RAW_DATA!K:K,EXACT(_xlfn._xlws.FILTER(CONCATENATE(RAW_DATA!$A:$A,RAW_DATA!$B:$B,RAW_DATA!$C:$C),1),$A16)*(RAW_DATA!$T:$T=1)))/$B16)} | S16: {=IF(ISERR(SUM(_xlfn._xlws.FILTER(RAW_DATA!L:L,EXACT(_xlfn._xlws.FILTER(CONCATENATE(RAW_DATA!$A:$A,RAW_DATA!$B:$B,RAW_DATA!$C:$C),1),$A16)*(RAW_DATA!$T:$T=1)))/$B16),"",SUM(_xlfn._xlws.FILTER(RAW_DATA!L:L,EXACT(_xlfn._xlws.FILTER(CONCATENATE(RAW_DATA!$A:$A,RAW_DATA!$B:$B,RAW_DATA!$C:$C),1),$A16)*(RAW_DATA!$T:$T=1)))/$B16)} | T16: {=IF(ISERR(SUM(_xlfn._xlws.FILTER(RAW_DATA!M:M,EXACT(_xlfn._xlws.FILTER(CONCATENATE(RAW_DATA!$A:$A,RAW_DATA!$B:$B,RAW_DATA!$C:$C),1),$A16)*(RAW_DATA!$V:$V=1)))/$D16),"",SUM(_xlfn._xlws.FILTER(RAW_DATA!M:M,EXACT(_xlfn._xlws.FILTER(CONCATENATE(RAW_DATA!$A:$A,RAW_DATA!$B:$B,RAW_DATA!$C:$C),1),$A16)*(RAW_DATA!$V:$V=1)))/$D16)} | U16: {=IF(ISERR(SUM(_xlfn._xlws.FILTER(RAW_DATA!N:N,EXACT(_xlfn._xlws.FILTER(CONCATENATE(RAW_DATA!$A:$A,RAW_DATA!$B:$B,RAW_DATA!$C:$C),1),$A16)*(RAW_DATA!$V:$V=1)))/$D16),"",SUM(_xlfn._xlws.FILTER(RAW_DATA!N:N,EXACT(_xlfn._xlws.FILTER(CONCATENATE(RAW_DATA!$A:$A,RAW_DATA!$B:$B,RAW_DATA!$C:$C),1),$A16)*(RAW_DATA!$V:$V=1)))/$D16)} | V16: {=IF(ISERR(SUM(_xlfn._xlws.FILTER(RAW_DATA!O:O,EXACT(_xlfn._xlws.FILTER(CONCATENATE(RAW_DATA!$A:$A,RAW_DATA!$B:$B,RAW_DATA!$C:$C),1),$A16)*(RAW_DATA!$V:$V=1)))/$D16),"",SUM(_xlfn._xlws.FILTER(RAW_DATA!O:O,EXACT(_xlfn._xlws.FILTER(CONCATENATE(RAW_DATA!$A:$A,RAW_DATA!$B:$B,RAW_DATA!$C:$C),1),$A16)*(RAW_DATA!$V:$V=1)))/$D16)} | W16: {=IF(ISERR(SUM(_xlfn._xlws.FILTER(RAW_DATA!P:P,EXACT(_xlfn._xlws.FILTER(CONCATENATE(RAW_DATA!$A:$A,RAW_DATA!$B:$B,RAW_DATA!$C:$C),1),$A16)*(RAW_DATA!$V:$V=1)))/$D16),"",SUM(_xlfn._xlws.FILTER(RAW_DATA!P:P,EXACT(_xlfn._xlws.FILTER(CONCATENATE(RAW_DATA!$A:$A,RAW_DATA!$B:$B,RAW_DATA!$C:$C),1),$A16)*(RAW_DATA!$V:$V=1)))/$D16)} | X16: {=IF(ISERR(SUM(_xlfn._xlws.FILTER(RAW_DATA!Q:Q,EXACT(_xlfn._xlws.FILTER(CONCATENATE(RAW_DATA!$A:$A,RAW_DATA!$B:$B,RAW_DATA!$C:$C),1),$A16)*(RAW_DATA!$V:$V=1)))/$D16),"",SUM(_xlfn._xlws.FILTER(RAW_DATA!Q:Q,EXACT(_xlfn._xlws.FILTER(CONCATENATE(RAW_DATA!$A:$A,RAW_DATA!$B:$B,RAW_DATA!$C:$C),1),$A16)*(RAW_DATA!$V:$V=1)))/$D16)} | Y16: {=IF(ISERR(SUM(_xlfn._xlws.FILTER(RAW_DATA!R:R,EXACT(_xlfn._xlws.FILTER(CONCATENATE(RAW_DATA!$A:$A,RAW_DATA!$B:$B,RAW_DATA!$C:$C),1),$A16)*(RAW_DATA!$V:$V=1)))/$D16),"",SUM(_xlfn._xlws.FILTER(RAW_DATA!R:R,EXACT(_xlfn._xlws.FILTER(CONCATENATE(RAW_DATA!$A:$A,RAW_DATA!$B:$B,RAW_DATA!$C:$C),1),$A16)*(RAW_DATA!$V:$V=1)))/$D16)} | Z16: {=IF(ISERR(SUM(_xlfn._xlws.FILTER(RAW_DATA!S:S,EXACT(_xlfn._xlws.FILTER(CONCATENATE(RAW_DATA!$A:$A,RAW_DATA!$B:$B,RAW_DATA!$C:$C),1),$A16)*(RAW_DATA!$V:$V=1)))/$D16),"",SUM(_xlfn._xlws.FILTER(RAW_DATA!S:S,EXACT(_xlfn._xlws.FILTER(CONCATENATE(RAW_DATA!$A:$A,RAW_DATA!$B:$B,RAW_DATA!$C:$C),1),$A16)*(RAW_DATA!$V:$V=1)))/$D16)}
B17: {=IF(ISERR(SUM(_xlfn._xlws.FILTER(RAW_DATA!$T:$T,EXACT(_xlfn._xlws.FILTER(CONCATENATE(RAW_DATA!$A:$A,RAW_DATA!$B:$B,RAW_DATA!$C:$C),1),$A17)))),"",SUM(_xlfn._xlws.FILTER(RAW_DATA!$T:$T,EXACT(_xlfn._xlws.FILTER(CONCATENATE(RAW_DATA!$A:$A,RAW_DATA!$B:$B,RAW_DATA!$C:$C),1),$A17))))} -> 0 | C17: {=IF(ISERR(SUM(_xlfn._xlws.FILTER(RAW_DATA!$U:$U,EXACT(_xlfn._xlws.FILTER(CONCATENATE(RAW_DATA!$A:$A,RAW_DATA!$B:$B,RAW_DATA!$C:$C),1),$A17)))),"",SUM(_xlfn._xlws.FILTER(RAW_DATA!$U:$U,EXACT(_xlfn._xlws.FILTER(CONCATENATE(RAW_DATA!$A:$A,RAW_DATA!$B:$B,RAW_DATA!$C:$C),1),$A17))))} -> 0 | D17: {=IF(ISERR(SUM(_xlfn._xlws.FILTER(RAW_DATA!$V:$V,EXACT(_xlfn._xlws.FILTER(CONCATENATE(RAW_DATA!$A:$A,RAW_DATA!$B:$B,RAW_DATA!$C:$C),1),$A17)))),"",SUM(_xlfn._xlws.FILTER(RAW_DATA!$V:$V,EXACT(_xlfn._xlws.FILTER(CONCATENATE(RAW_DATA!$A:$A,RAW_DATA!$B:$B,RAW_DATA!$C:$C),1),$A17))))} -> 0 | E17: {=IF(ISERR(SUM(_xlfn._xlws.FILTER(RAW_DATA!$X:$X,EXACT(_xlfn._xlws.FILTER(CONCATENATE(RAW_DATA!$A:$A,RAW_DATA!$B:$B,RAW_DATA!$C:$C),1),$A17)*(RAW_DATA!$T:$T=1)))/$B17),"",SUM(_xlfn._xlws.FILTER(RAW_DATA!$X:$X,EXACT(_xlfn._xlws.FILTER(CONCATENATE(RAW_DATA!$A:$A,RAW_DATA!$B:$B,RAW_DATA!$C:$C),1),$A17)*(RAW_DATA!$T:$T=1)))/$B17)} | F17: {=IF(ISERR(SUM(_xlfn._xlws.FILTER(RAW_DATA!$Y:$Y,EXACT(_xlfn._xlws.FILTER(CONCATENATE(RAW_DATA!$A:$A,RAW_DATA!$B:$B,RAW_DATA!$C:$C),1),$A17)*(RAW_DATA!$U:$U=1)))/$C17),"",SUM(_xlfn._xlws.FILTER(RAW_DATA!$Y:$Y,EXACT(_xlfn._xlws.FILTER(CONCATENATE(RAW_DATA!$A:$A,RAW_DATA!$B:$B,RAW_DATA!$C:$C),1),$A17)*(RAW_DATA!$U:$U=1)))/$C17)} | G17: {=IF(ISERR(SUM(_xlfn._xlws.FILTER(RAW_DATA!$Z:$Z,EXACT(_xlfn._xlws.FILTER(CONCATENATE(RAW_DATA!$A:$A,RAW_DATA!$B:$B,RAW_DATA!$C:$C),1),$A17)*(RAW_DATA!$V:$V=1)))/$D17),"",SUM(_xlfn._xlws.FILTER(RAW_DATA!$Z:$Z,EXACT(_xlfn._xlws.FILTER(CONCATENATE(RAW_DATA!$A:$A,RAW_DATA!$B:$B,RAW_DATA!$C:$C),1),$A17)*(RAW_DATA!$V:$V=1)))/$D17)} | H17: {=IF(ISERR(SUM(_xlfn._xlws.FILTER(RAW_DATA!$E:$E,EXACT(_xlfn._xlws.FILTER(CONCATENATE(RAW_DATA!$A:$A,RAW_DATA!$B:$B,RAW_DATA!$C:$C),1),$A17)*(RAW_DATA!T:T=1)))/$B17),"",SUM(_xlfn._xlws.FILTER(RAW_DATA!$E:$E,EXACT(_xlfn._xlws.FILTER(CONCATENATE(RAW_DATA!$A:$A,RAW_DATA!$B:$B,RAW_DATA!$C:$C),1),$A17)*(RAW_DATA!T:T=1)))/$B17)} | I17: {=IF(ISERR(SUM(_xlfn._xlws.FILTER(RAW_DATA!$E:$E,EXACT(_xlfn._xlws.FILTER(CONCATENATE(RAW_DATA!$A:$A,RAW_DATA!$B:$B,RAW_DATA!$C:$C),1),$A17)*(RAW_DATA!U:U=1)))/$C17),"",SUM(_xlfn._xlws.FILTER(RAW_DATA!$E:$E,EXACT(_xlfn._xlws.FILTER(CONCATENATE(RAW_DATA!$A:$A,RAW_DATA!$B:$B,RAW_DATA!$C:$C),1),$A17)*(RAW_DATA!U:U=1)))/$C17)} | J17: {=IF(ISERR(SUM(_xlfn._xlws.FILTER(RAW_DATA!$E:$E,EXACT(_xlfn._xlws.FILTER(CONCATENATE(RAW_DATA!$A:$A,RAW_DATA!$B:$B,RAW_DATA!$C:$C),1),$A17)*(RAW_DATA!V:V=1)))/$D17),"",SUM(_xlfn._xlws.FILTER(RAW_DATA!$E:$E,EXACT(_xlfn._xlws.FILTER(CONCATENATE(RAW_DATA!$A:$A,RAW_DATA!$B:$B,RAW_DATA!$C:$C),1),$A17)*(RAW_DATA!V:V=1)))/$D17)} | K17: {=IF(ISERR(SUM(_xlfn._xlws.FILTER(RAW_DATA!$F:$F,EXACT(_xlfn._xlws.FILTER(CONCATENATE(RAW_DATA!$A:$A,RAW_DATA!$B:$B,RAW_DATA!$C:$C),1),$A17)*(RAW_DATA!T:T=1)))/$B17),"",SUM(_xlfn._xlws.FILTER(RAW_DATA!$F:$F,EXACT(_xlfn._xlws.FILTER(CONCATENATE(RAW_DATA!$A:$A,RAW_DATA!$B:$B,RAW_DATA!$C:$C),1),$A17)*(RAW_DATA!T:T=1)))/$B17)} | L17: {=IF(ISERR(SUM(_xlfn._xlws.FILTER(RAW_DATA!$F:$F,EXACT(_xlfn._xlws.FILTER(CONCATENATE(RAW_DATA!$A:$A,RAW_DATA!$B:$B,RAW_DATA!$C:$C),1),$A17)*(RAW_DATA!U:U=1)))/$C17),"",SUM(_xlfn._xlws.FILTER(RAW_DATA!$F:$F,EXACT(_xlfn._xlws.FILTER(CONCATENATE(RAW_DATA!$A:$A,RAW_DATA!$B:$B,RAW_DATA!$C:$C),1),$A17)*(RAW_DATA!U:U=1)))/$C17)} | M17: {=IF(ISERR(SUM(_xlfn._xlws.FILTER(RAW_DATA!$F:$F,EXACT(_xlfn._xlws.FILTER(CONCATENATE(RAW_DATA!$A:$A,RAW_DATA!$B:$B,RAW_DATA!$C:$C),1),$A17)*(RAW_DATA!V:V=1)))/$D17),"",SUM(_xlfn._xlws.FILTER(RAW_DATA!$F:$F,EXACT(_xlfn._xlws.FILTER(CONCATENATE(RAW_DATA!$A:$A,RAW_DATA!$B:$B,RAW_DATA!$C:$C),1),$A17)*(RAW_DATA!V:V=1)))/$D17)} | N17: {=IF(ISERR(SUM(_xlfn._xlws.FILTER(RAW_DATA!G:G,EXACT(_xlfn._xlws.FILTER(CONCATENATE(RAW_DATA!$A:$A,RAW_DATA!$B:$B,RAW_DATA!$C:$C),1),$A17)*(RAW_DATA!$T:$T=1)))/$B17),"",SUM(_xlfn._xlws.FILTER(RAW_DATA!G:G,EXACT(_xlfn._xlws.FILTER(CONCATENATE(RAW_DATA!$A:$A,RAW_DATA!$B:$B,RAW_DATA!$C:$C),1),$A17)*(RAW_DATA!$T:$T=1)))/$B17)} | O17: {=IF(ISERR(SUM(_xlfn._xlws.FILTER(RAW_DATA!H:H,EXACT(_xlfn._xlws.FILTER(CONCATENATE(RAW_DATA!$A:$A,RAW_DATA!$B:$B,RAW_DATA!$C:$C),1),$A17)*(RAW_DATA!$T:$T=1)))/$B17),"",SUM(_xlfn._xlws.FILTER(RAW_DATA!H:H,EXACT(_xlfn._xlws.FILTER(CONCATENATE(RAW_DATA!$A:$A,RAW_DATA!$B:$B,RAW_DATA!$C:$C),1),$A17)*(RAW_DATA!$T:$T=1)))/$B17)} | P17: {=IF(ISERR(SUM(_xlfn._xlws.FILTER(RAW_DATA!I:I,EXACT(_xlfn._xlws.FILTER(CONCATENATE(RAW_DATA!$A:$A,RAW_DATA!$B:$B,RAW_DATA!$C:$C),1),$A17)*(RAW_DATA!$T:$T=1)))/$B17),"",SUM(_xlfn._xlws.FILTER(RAW_DATA!I:I,EXACT(_xlfn._xlws.FILTER(CONCATENATE(RAW_DATA!$A:$A,RAW_DATA!$B:$B,RAW_DATA!$C:$C),1),$A17)*(RAW_DATA!$T:$T=1)))/$B17)} | Q17: {=IF(ISERR(SUM(_xlfn._xlws.FILTER(RAW_DATA!J:J,EXACT(_xlfn._xlws.FILTER(CONCATENATE(RAW_DATA!$A:$A,RAW_DATA!$B:$B,RAW_DATA!$C:$C),1),$A17)*(RAW_DATA!$T:$T=1)))/$B17),"",SUM(_xlfn._xlws.FILTER(RAW_DATA!J:J,EXACT(_xlfn._xlws.FILTER(CONCATENATE(RAW_DATA!$A:$A,RAW_DATA!$B:$B,RAW_DATA!$C:$C),1),$A17)*(RAW_DATA!$T:$T=1)))/$B17)} | R17: {=IF(ISERR(SUM(_xlfn._xlws.FILTER(RAW_DATA!K:K,EXACT(_xlfn._xlws.FILTER(CONCATENATE(RAW_DATA!$A:$A,RAW_DATA!$B:$B,RAW_DATA!$C:$C),1),$A17)*(RAW_DATA!$T:$T=1)))/$B17),"",SUM(_xlfn._xlws.FILTER(RAW_DATA!K:K,EXACT(_xlfn._xlws.FILTER(CONCATENATE(RAW_DATA!$A:$A,RAW_DATA!$B:$B,RAW_DATA!$C:$C),1),$A17)*(RAW_DATA!$T:$T=1)))/$B17)} | S17: {=IF(ISERR(SUM(_xlfn._xlws.FILTER(RAW_DATA!L:L,EXACT(_xlfn._xlws.FILTER(CONCATENATE(RAW_DATA!$A:$A,RAW_DATA!$B:$B,RAW_DATA!$C:$C),1),$A17)*(RAW_DATA!$T:$T=1)))/$B17),"",SUM(_xlfn._xlws.FILTER(RAW_DATA!L:L,EXACT(_xlfn._xlws.FILTER(CONCATENATE(RAW_DATA!$A:$A,RAW_DATA!$B:$B,RAW_DATA!$C:$C),1),$A17)*(RAW_DATA!$T:$T=1)))/$B17)} | T17: {=IF(ISERR(SUM(_xlfn._xlws.FILTER(RAW_DATA!M:M,EXACT(_xlfn._xlws.FILTER(CONCATENATE(RAW_DATA!$A:$A,RAW_DATA!$B:$B,RAW_DATA!$C:$C),1),$A17)*(RAW_DATA!$V:$V=1)))/$D17),"",SUM(_xlfn._xlws.FILTER(RAW_DATA!M:M,EXACT(_xlfn._xlws.FILTER(CONCATENATE(RAW_DATA!$A:$A,RAW_DATA!$B:$B,RAW_DATA!$C:$C),1),$A17)*(RAW_DATA!$V:$V=1)))/$D17)} | U17: {=IF(ISERR(SUM(_xlfn._xlws.FILTER(RAW_DATA!N:N,EXACT(_xlfn._xlws.FILTER(CONCATENATE(RAW_DATA!$A:$A,RAW_DATA!$B:$B,RAW_DATA!$C:$C),1),$A17)*(RAW_DATA!$V:$V=1)))/$D17),"",SUM(_xlfn._xlws.FILTER(RAW_DATA!N:N,EXACT(_xlfn._xlws.FILTER(CONCATENATE(RAW_DATA!$A:$A,RAW_DATA!$B:$B,RAW_DATA!$C:$C),1),$A17)*(RAW_DATA!$V:$V=1)))/$D17)} | V17: {=IF(ISERR(SUM(_xlfn._xlws.FILTER(RAW_DATA!O:O,EXACT(_xlfn._xlws.FILTER(CONCATENATE(RAW_DATA!$A:$A,RAW_DATA!$B:$B,RAW_DATA!$C:$C),1),$A17)*(RAW_DATA!$V:$V=1)))/$D17),"",SUM(_xlfn._xlws.FILTER(RAW_DATA!O:O,EXACT(_xlfn._xlws.FILTER(CONCATENATE(RAW_DATA!$A:$A,RAW_DATA!$B:$B,RAW_DATA!$C:$C),1),$A17)*(RAW_DATA!$V:$V=1)))/$D17)} | W17: {=IF(ISERR(SUM(_xlfn._xlws.FILTER(RAW_DATA!P:P,EXACT(_xlfn._xlws.FILTER(CONCATENATE(RAW_DATA!$A:$A,RAW_DATA!$B:$B,RAW_DATA!$C:$C),1),$A17)*(RAW_DATA!$V:$V=1)))/$D17),"",SUM(_xlfn._xlws.FILTER(RAW_DATA!P:P,EXACT(_xlfn._xlws.FILTER(CONCATENATE(RAW_DATA!$A:$A,RAW_DATA!$B:$B,RAW_DATA!$C:$C),1),$A17)*(RAW_DATA!$V:$V=1)))/$D17)} | X17: {=IF(ISERR(SUM(_xlfn._xlws.FILTER(RAW_DATA!Q:Q,EXACT(_xlfn._xlws.FILTER(CONCATENATE(RAW_DATA!$A:$A,RAW_DATA!$B:$B,RAW_DATA!$C:$C),1),$A17)*(RAW_DATA!$V:$V=1)))/$D17),"",SUM(_xlfn._xlws.FILTER(RAW_DATA!Q:Q,EXACT(_xlfn._xlws.FILTER(CONCATENATE(RAW_DATA!$A:$A,RAW_DATA!$B:$B,RAW_DATA!$C:$C),1),$A17)*(RAW_DATA!$V:$V=1)))/$D17)} | Y17: {=IF(ISERR(SUM(_xlfn._xlws.FILTER(RAW_DATA!R:R,EXACT(_xlfn._xlws.FILTER(CONCATENATE(RAW_DATA!$A:$A,RAW_DATA!$B:$B,RAW_DATA!$C:$C),1),$A17)*(RAW_DATA!$V:$V=1)))/$D17),"",SUM(_xlfn._xlws.FILTER(RAW_DATA!R:R,EXACT(_xlfn._xlws.FILTER(CONCATENATE(RAW_DATA!$A:$A,RAW_DATA!$B:$B,RAW_DATA!$C:$C),1),$A17)*(RAW_DATA!$V:$V=1)))/$D17)} | Z17: {=IF(ISERR(SUM(_xlfn._xlws.FILTER(RAW_DATA!S:S,EXACT(_xlfn._xlws.FILTER(CONCATENATE(RAW_DATA!$A:$A,RAW_DATA!$B:$B,RAW_DATA!$C:$C),1),$A17)*(RAW_DATA!$V:$V=1)))/$D17),"",SUM(_xlfn._xlws.FILTER(RAW_DATA!S:S,EXACT(_xlfn._xlws.FILTER(CONCATENATE(RAW_DATA!$A:$A,RAW_DATA!$B:$B,RAW_DATA!$C:$C),1),$A17)*(RAW_DATA!$V:$V=1)))/$D17)}
B18: {=IF(ISERR(SUM(_xlfn._xlws.FILTER(RAW_DATA!$T:$T,EXACT(_xlfn._xlws.FILTER(CONCATENATE(RAW_DATA!$A:$A,RAW_DATA!$B:$B,RAW_DATA!$C:$C),1),$A18)))),"",SUM(_xlfn._xlws.FILTER(RAW_DATA!$T:$T,EXACT(_xlfn._xlws.FILTER(CONCATENATE(RAW_DATA!$A:$A,RAW_DATA!$B:$B,RAW_DATA!$C:$C),1),$A18))))} -> 0 | C18: {=IF(ISERR(SUM(_xlfn._xlws.FILTER(RAW_DATA!$U:$U,EXACT(_xlfn._xlws.FILTER(CONCATENATE(RAW_DATA!$A:$A,RAW_DATA!$B:$B,RAW_DATA!$C:$C),1),$A18)))),"",SUM(_xlfn._xlws.FILTER(RAW_DATA!$U:$U,EXACT(_xlfn._xlws.FILTER(CONCATENATE(RAW_DATA!$A:$A,RAW_DATA!$B:$B,RAW_DATA!$C:$C),1),$A18))))} -> 0 | D18: {=IF(ISERR(SUM(_xlfn._xlws.FILTER(RAW_DATA!$V:$V,EXACT(_xlfn._xlws.FILTER(CONCATENATE(RAW_DATA!$A:$A,RAW_DATA!$B:$B,RAW_DATA!$C:$C),1),$A18)))),"",SUM(_xlfn._xlws.FILTER(RAW_DATA!$V:$V,EXACT(_xlfn._xlws.FILTER(CONCATENATE(RAW_DATA!$A:$A,RAW_DATA!$B:$B,RAW_DATA!$C:$C),1),$A18))))} -> 0 | E18: {=IF(ISERR(SUM(_xlfn._xlws.FILTER(RAW_DATA!$X:$X,EXACT(_xlfn._xlws.FILTER(CONCATENATE(RAW_DATA!$A:$A,RAW_DATA!$B:$B,RAW_DATA!$C:$C),1),$A18)*(RAW_DATA!$T:$T=1)))/$B18),"",SUM(_xlfn._xlws.FILTER(RAW_DATA!$X:$X,EXACT(_xlfn._xlws.FILTER(CONCATENATE(RAW_DATA!$A:$A,RAW_DATA!$B:$B,RAW_DATA!$C:$C),1),$A18)*(RAW_DATA!$T:$T=1)))/$B18)} | F18: {=IF(ISERR(SUM(_xlfn._xlws.FILTER(RAW_DATA!$Y:$Y,EXACT(_xlfn._xlws.FILTER(CONCATENATE(RAW_DATA!$A:$A,RAW_DATA!$B:$B,RAW_DATA!$C:$C),1),$A18)*(RAW_DATA!$U:$U=1)))/$C18),"",SUM(_xlfn._xlws.FILTER(RAW_DATA!$Y:$Y,EXACT(_xlfn._xlws.FILTER(CONCATENATE(RAW_DATA!$A:$A,RAW_DATA!$B:$B,RAW_DATA!$C:$C),1),$A18)*(RAW_DATA!$U:$U=1)))/$C18)} | G18: {=IF(ISERR(SUM(_xlfn._xlws.FILTER(RAW_DATA!$Z:$Z,EXACT(_xlfn._xlws.FILTER(CONCATENATE(RAW_DATA!$A:$A,RAW_DATA!$B:$B,RAW_DATA!$C:$C),1),$A18)*(RAW_DATA!$V:$V=1)))/$D18),"",SUM(_xlfn._xlws.FILTER(RAW_DATA!$Z:$Z,EXACT(_xlfn._xlws.FILTER(CONCATENATE(RAW_DATA!$A:$A,RAW_DATA!$B:$B,RAW_DATA!$C:$C),1),$A18)*(RAW_DATA!$V:$V=1)))/$D18)} | H18: {=IF(ISERR(SUM(_xlfn._xlws.FILTER(RAW_DATA!$E:$E,EXACT(_xlfn._xlws.FILTER(CONCATENATE(RAW_DATA!$A:$A,RAW_DATA!$B:$B,RAW_DATA!$C:$C),1),$A18)*(RAW_DATA!T:T=1)))/$B18),"",SUM(_xlfn._xlws.FILTER(RAW_DATA!$E:$E,EXACT(_xlfn._xlws.FILTER(CONCATENATE(RAW_DATA!$A:$A,RAW_DATA!$B:$B,RAW_DATA!$C:$C),1),$A18)*(RAW_DATA!T:T=1)))/$B18)} | I18: {=IF(ISERR(SUM(_xlfn._xlws.FILTER(RAW_DATA!$E:$E,EXACT(_xlfn._xlws.FILTER(CONCATENATE(RAW_DATA!$A:$A,RAW_DATA!$B:$B,RAW_DATA!$C:$C),1),$A18)*(RAW_DATA!U:U=1)))/$C18),"",SUM(_xlfn._xlws.FILTER(RAW_DATA!$E:$E,EXACT(_xlfn._xlws.FILTER(CONCATENATE(RAW_DATA!$A:$A,RAW_DATA!$B:$B,RAW_DATA!$C:$C),1),$A18)*(RAW_DATA!U:U=1)))/$C18)} | J18: {=IF(ISERR(SUM(_xlfn._xlws.FILTER(RAW_DATA!$E:$E,EXACT(_xlfn._xlws.FILTER(CONCATENATE(RAW_DATA!$A:$A,RAW_DATA!$B:$B,RAW_DATA!$C:$C),1),$A18)*(RAW_DATA!V:V=1)))/$D18),"",SUM(_xlfn._xlws.FILTER(RAW_DATA!$E:$E,EXACT(_xlfn._xlws.FILTER(CONCATENATE(RAW_DATA!$A:$A,RAW_DATA!$B:$B,RAW_DATA!$C:$C),1),$A18)*(RAW_DATA!V:V=1)))/$D18)} | K18: {=IF(ISERR(SUM(_xlfn._xlws.FILTER(RAW_DATA!$F:$F,EXACT(_xlfn._xlws.FILTER(CONCATENATE(RAW_DATA!$A:$A,RAW_DATA!$B:$B,RAW_DATA!$C:$C),1),$A18)*(RAW_DATA!T:T=1)))/$B18),"",SUM(_xlfn._xlws.FILTER(RAW_DATA!$F:$F,EXACT(_xlfn._xlws.FILTER(CONCATENATE(RAW_DATA!$A:$A,RAW_DATA!$B:$B,RAW_DATA!$C:$C),1),$A18)*(RAW_DATA!T:T=1)))/$B18)} | L18: {=IF(ISERR(SUM(_xlfn._xlws.FILTER(RAW_DATA!$F:$F,EXACT(_xlfn._xlws.FILTER(CONCATENATE(RAW_DATA!$A:$A,RAW_DATA!$B:$B,RAW_DATA!$C:$C),1),$A18)*(RAW_DATA!U:U=1)))/$C18),"",SUM(_xlfn._xlws.FILTER(RAW_DATA!$F:$F,EXACT(_xlfn._xlws.FILTER(CONCATENATE(RAW_DATA!$A:$A,RAW_DATA!$B:$B,RAW_DATA!$C:$C),1),$A18)*(RAW_DATA!U:U=1)))/$C18)} | M18: {=IF(ISERR(SUM(_xlfn._xlws.FILTER(RAW_DATA!$F:$F,EXACT(_xlfn._xlws.FILTER(CONCATENATE(RAW_DATA!$A:$A,RAW_DATA!$B:$B,RAW_DATA!$C:$C),1),$A18)*(RAW_DATA!V:V=1)))/$D18),"",SUM(_xlfn._xlws.FILTER(RAW_DATA!$F:$F,EXACT(_xlfn._xlws.FILTER(CONCATENATE(RAW_DATA!$A:$A,RAW_DATA!$B:$B,RAW_DATA!$C:$C),1),$A18)*(RAW_DATA!V:V=1)))/$D18)} | N18: {=IF(ISERR(SUM(_xlfn._xlws.FILTER(RAW_DATA!G:G,EXACT(_xlfn._xlws.FILTER(CONCATENATE(RAW_DATA!$A:$A,RAW_DATA!$B:$B,RAW_DATA!$C:$C),1),$A18)*(RAW_DATA!$T:$T=1)))/$B18),"",SUM(_xlfn._xlws.FILTER(RAW_DATA!G:G,EXACT(_xlfn._xlws.FILTER(CONCATENATE(RAW_DATA!$A:$A,RAW_DATA!$B:$B,RAW_DATA!$C:$C),1),$A18)*(RAW_DATA!$T:$T=1)))/$B18)} | O18: {=IF(ISERR(SUM(_xlfn._xlws.FILTER(RAW_DATA!H:H,EXACT(_xlfn._xlws.FILTER(CONCATENATE(RAW_DATA!$A:$A,RAW_DATA!$B:$B,RAW_DATA!$C:$C),1),$A18)*(RAW_DATA!$T:$T=1)))/$B18),"",SUM(_xlfn._xlws.FILTER(RAW_DATA!H:H,EXACT(_xlfn._xlws.FILTER(CONCATENATE(RAW_DATA!$A:$A,RAW_DATA!$B:$B,RAW_DATA!$C:$C),1),$A18)*(RAW_DATA!$T:$T=1)))/$B18)} | P18: {=IF(ISERR(SUM(_xlfn._xlws.FILTER(RAW_DATA!I:I,EXACT(_xlfn._xlws.FILTER(CONCATENATE(RAW_DATA!$A:$A,RAW_DATA!$B:$B,RAW_DATA!$C:$C),1),$A18)*(RAW_DATA!$T:$T=1)))/$B18),"",SUM(_xlfn._xlws.FILTER(RAW_DATA!I:I,EXACT(_xlfn._xlws.FILTER(CONCATENATE(RAW_DATA!$A:$A,RAW_DATA!$B:$B,RAW_DATA!$C:$C),1),$A18)*(RAW_DATA!$T:$T=1)))/$B18)} | Q18: {=IF(ISERR(SUM(_xlfn._xlws.FILTER(RAW_DATA!J:J,EXACT(_xlfn._xlws.FILTER(CONCATENATE(RAW_DATA!$A:$A,RAW_DATA!$B:$B,RAW_DATA!$C:$C),1),$A18)*(RAW_DATA!$T:$T=1)))/$B18),"",SUM(_xlfn._xlws.FILTER(RAW_DATA!J:J,EXACT(_xlfn._xlws.FILTER(CONCATENATE(RAW_DATA!$A:$A,RAW_DATA!$B:$B,RAW_DATA!$C:$C),1),$A18)*(RAW_DATA!$T:$T=1)))/$B18)} | R18: {=IF(ISERR(SUM(_xlfn._xlws.FILTER(RAW_DATA!K:K,EXACT(_xlfn._xlws.FILTER(CONCATENATE(RAW_DATA!$A:$A,RAW_DATA!$B:$B,RAW_DATA!$C:$C),1),$A18)*(RAW_DATA!$T:$T=1)))/$B18),"",SUM(_xlfn._xlws.FILTER(RAW_DATA!K:K,EXACT(_xlfn._xlws.FILTER(CONCATENATE(RAW_DATA!$A:$A,RAW_DATA!$B:$B,RAW_DATA!$C:$C),1),$A18)*(RAW_DATA!$T:$T=1)))/$B18)} | S18: {=IF(ISERR(SUM(_xlfn._xlws.FILTER(RAW_DATA!L:L,EXACT(_xlfn._xlws.FILTER(CONCATENATE(RAW_DATA!$A:$A,RAW_DATA!$B:$B,RAW_DATA!$C:$C),1),$A18)*(RAW_DATA!$T:$T=1)))/$B18),"",SUM(_xlfn._xlws.FILTER(RAW_DATA!L:L,EXACT(_xlfn._xlws.FILTER(CONCATENATE(RAW_DATA!$A:$A,RAW_DATA!$B:$B,RAW_DATA!$C:$C),1),$A18)*(RAW_DATA!$T:$T=1)))/$B18)} | T18: {=IF(ISERR(SUM(_xlfn._xlws.FILTER(RAW_DATA!M:M,EXACT(_xlfn._xlws.FILTER(CONCATENATE(RAW_DATA!$A:$A,RAW_DATA!$B:$B,RAW_DATA!$C:$C),1),$A18)*(RAW_DATA!$V:$V=1)))/$D18),"",SUM(_xlfn._xlws.FILTER(RAW_DATA!M:M,EXACT(_xlfn._xlws.FILTER(CONCATENATE(RAW_DATA!$A:$A,RAW_DATA!$B:$B,RAW_DATA!$C:$C),1),$A18)*(RAW_DATA!$V:$V=1)))/$D18)} | U18: {=IF(ISERR(SUM(_xlfn._xlws.FILTER(RAW_DATA!N:N,EXACT(_xlfn._xlws.FILTER(CONCATENATE(RAW_DATA!$A:$A,RAW_DATA!$B:$B,RAW_DATA!$C:$C),1),$A18)*(RAW_DATA!$V:$V=1)))/$D18),"",SUM(_xlfn._xlws.FILTER(RAW_DATA!N:N,EXACT(_xlfn._xlws.FILTER(CONCATENATE(RAW_DATA!$A:$A,RAW_DATA!$B:$B,RAW_DATA!$C:$C),1),$A18)*(RAW_DATA!$V:$V=1)))/$D18)} | V18: {=IF(ISERR(SUM(_xlfn._xlws.FILTER(RAW_DATA!O:O,EXACT(_xlfn._xlws.FILTER(CONCATENATE(RAW_DATA!$A:$A,RAW_DATA!$B:$B,RAW_DATA!$C:$C),1),$A18)*(RAW_DATA!$V:$V=1)))/$D18),"",SUM(_xlfn._xlws.FILTER(RAW_DATA!O:O,EXACT(_xlfn._xlws.FILTER(CONCATENATE(RAW_DATA!$A:$A,RAW_DATA!$B:$B,RAW_DATA!$C:$C),1),$A18)*(RAW_DATA!$V:$V=1)))/$D18)} | W18: {=IF(ISERR(SUM(_xlfn._xlws.FILTER(RAW_DATA!P:P,EXACT(_xlfn._xlws.FILTER(CONCATENATE(RAW_DATA!$A:$A,RAW_DATA!$B:$B,RAW_DATA!$C:$C),1),$A18)*(RAW_DATA!$V:$V=1)))/$D18),"",SUM(_xlfn._xlws.FILTER(RAW_DATA!P:P,EXACT(_xlfn._xlws.FILTER(CONCATENATE(RAW_DATA!$A:$A,RAW_DATA!$B:$B,RAW_DATA!$C:$C),1),$A18)*(RAW_DATA!$V:$V=1)))/$D18)} | X18: {=IF(ISERR(SUM(_xlfn._xlws.FILTER(RAW_DATA!Q:Q,EXACT(_xlfn._xlws.FILTER(CONCATENATE(RAW_DATA!$A:$A,RAW_DATA!$B:$B,RAW_DATA!$C:$C),1),$A18)*(RAW_DATA!$V:$V=1)))/$D18),"",SUM(_xlfn._xlws.FILTER(RAW_DATA!Q:Q,EXACT(_xlfn._xlws.FILTER(CONCATENATE(RAW_DATA!$A:$A,RAW_DATA!$B:$B,RAW_DATA!$C:$C),1),$A18)*(RAW_DATA!$V:$V=1)))/$D18)} | Y18: {=IF(ISERR(SUM(_xlfn._xlws.FILTER(RAW_DATA!R:R,EXACT(_xlfn._xlws.FILTER(CONCATENATE(RAW_DATA!$A:$A,RAW_DATA!$B:$B,RAW_DATA!$C:$C),1),$A18)*(RAW_DATA!$V:$V=1)))/$D18),"",SUM(_xlfn._xlws.FILTER(RAW_DATA!R:R,EXACT(_xlfn._xlws.FILTER(CONCATENATE(RAW_DATA!$A:$A,RAW_DATA!$B:$B,RAW_DATA!$C:$C),1),$A18)*(RAW_DATA!$V:$V=1)))/$D18)} | Z18: {=IF(ISERR(SUM(_xlfn._xlws.FILTER(RAW_DATA!S:S,EXACT(_xlfn._xlws.FILTER(CONCATENATE(RAW_DATA!$A:$A,RAW_DATA!$B:$B,RAW_DATA!$C:$C),1),$A18)*(RAW_DATA!$V:$V=1)))/$D18),"",SUM(_xlfn._xlws.FILTER(RAW_DATA!S:S,EXACT(_xlfn._xlws.FILTER(CONCATENATE(RAW_DATA!$A:$A,RAW_DATA!$B:$B,RAW_DATA!$C:$C),1),$A18)*(RAW_DATA!$V:$V=1)))/$D18)}
B19: {=IF(ISERR(SUM(_xlfn._xlws.FILTER(RAW_DATA!$T:$T,EXACT(_xlfn._xlws.FILTER(CONCATENATE(RAW_DATA!$A:$A,RAW_DATA!$B:$B,RAW_DATA!$C:$C),1),$A19)))),"",SUM(_xlfn._xlws.FILTER(RAW_DATA!$T:$T,EXACT(_xlfn._xlws.FILTER(CONCATENATE(RAW_DATA!$A:$A,RAW_DATA!$B:$B,RAW_DATA!$C:$C),1),$A19))))} -> 0 | C19: {=IF(ISERR(SUM(_xlfn._xlws.FILTER(RAW_DATA!$U:$U,EXACT(_xlfn._xlws.FILTER(CONCATENATE(RAW_DATA!$A:$A,RAW_DATA!$B:$B,RAW_DATA!$C:$C),1),$A19)))),"",SUM(_xlfn._xlws.FILTER(RAW_DATA!$U:$U,EXACT(_xlfn._xlws.FILTER(CONCATENATE(RAW_DATA!$A:$A,RAW_DATA!$B:$B,RAW_DATA!$C:$C),1),$A19))))} -> 0 | D19: {=IF(ISERR(SUM(_xlfn._xlws.FILTER(RAW_DATA!$V:$V,EXACT(_xlfn._xlws.FILTER(CONCATENATE(RAW_DATA!$A:$A,RAW_DATA!$B:$B,RAW_DATA!$C:$C),1),$A19)))),"",SUM(_xlfn._xlws.FILTER(RAW_DATA!$V:$V,EXACT(_xlfn._xlws.FILTER(CONCATENATE(RAW_DATA!$A:$A,RAW_DATA!$B:$B,RAW_DATA!$C:$C),1),$A19))))} -> 0 | E19: {=IF(ISERR(SUM(_xlfn._xlws.FILTER(RAW_DATA!$X:$X,EXACT(_xlfn._xlws.FILTER(CONCATENATE(RAW_DATA!$A:$A,RAW_DATA!$B:$B,RAW_DATA!$C:$C),1),$A19)*(RAW_DATA!$T:$T=1)))/$B19),"",SUM(_xlfn._xlws.FILTER(RAW_DATA!$X:$X,EXACT(_xlfn._xlws.FILTER(CONCATENATE(RAW_DATA!$A:$A,RAW_DATA!$B:$B,RAW_DATA!$C:$C),1),$A19)*(RAW_DATA!$T:$T=1)))/$B19)} | F19: {=IF(ISERR(SUM(_xlfn._xlws.FILTER(RAW_DATA!$Y:$Y,EXACT(_xlfn._xlws.FILTER(CONCATENATE(RAW_DATA!$A:$A,RAW_DATA!$B:$B,RAW_DATA!$C:$C),1),$A19)*(RAW_DATA!$U:$U=1)))/$C19),"",SUM(_xlfn._xlws.FILTER(RAW_DATA!$Y:$Y,EXACT(_xlfn._xlws.FILTER(CONCATENATE(RAW_DATA!$A:$A,RAW_DATA!$B:$B,RAW_DATA!$C:$C),1),$A19)*(RAW_DATA!$U:$U=1)))/$C19)} | G19: {=IF(ISERR(SUM(_xlfn._xlws.FILTER(RAW_DATA!$Z:$Z,EXACT(_xlfn._xlws.FILTER(CONCATENATE(RAW_DATA!$A:$A,RAW_DATA!$B:$B,RAW_DATA!$C:$C),1),$A19)*(RAW_DATA!$V:$V=1)))/$D19),"",SUM(_xlfn._xlws.FILTER(RAW_DATA!$Z:$Z,EXACT(_xlfn._xlws.FILTER(CONCATENATE(RAW_DATA!$A:$A,RAW_DATA!$B:$B,RAW_DATA!$C:$C),1),$A19)*(RAW_DATA!$V:$V=1)))/$D19)} | H19: {=IF(ISERR(SUM(_xlfn._xlws.FILTER(RAW_DATA!$E:$E,EXACT(_xlfn._xlws.FILTER(CONCATENATE(RAW_DATA!$A:$A,RAW_DATA!$B:$B,RAW_DATA!$C:$C),1),$A19)*(RAW_DATA!T:T=1)))/$B19),"",SUM(_xlfn._xlws.FILTER(RAW_DATA!$E:$E,EXACT(_xlfn._xlws.FILTER(CONCATENATE(RAW_DATA!$A:$A,RAW_DATA!$B:$B,RAW_DATA!$C:$C),1),$A19)*(RAW_DATA!T:T=1)))/$B19)} | I19: {=IF(ISERR(SUM(_xlfn._xlws.FILTER(RAW_DATA!$E:$E,EXACT(_xlfn._xlws.FILTER(CONCATENATE(RAW_DATA!$A:$A,RAW_DATA!$B:$B,RAW_DATA!$C:$C),1),$A19)*(RAW_DATA!U:U=1)))/$C19),"",SUM(_xlfn._xlws.FILTER(RAW_DATA!$E:$E,EXACT(_xlfn._xlws.FILTER(CONCATENATE(RAW_DATA!$A:$A,RAW_DATA!$B:$B,RAW_DATA!$C:$C),1),$A19)*(RAW_DATA!U:U=1)))/$C19)} | J19: {=IF(ISERR(SUM(_xlfn._xlws.FILTER(RAW_DATA!$E:$E,EXACT(_xlfn._xlws.FILTER(CONCATENATE(RAW_DATA!$A:$A,RAW_DATA!$B:$B,RAW_DATA!$C:$C),1),$A19)*(RAW_DATA!V:V=1)))/$D19),"",SUM(_xlfn._xlws.FILTER(RAW_DATA!$E:$E,EXACT(_xlfn._xlws.FILTER(CONCATENATE(RAW_DATA!$A:$A,RAW_DATA!$B:$B,RAW_DATA!$C:$C),1),$A19)*(RAW_DATA!V:V=1)))/$D19)} | K19: {=IF(ISERR(SUM(_xlfn._xlws.FILTER(RAW_DATA!$F:$F,EXACT(_xlfn._xlws.FILTER(CONCATENATE(RAW_DATA!$A:$A,RAW_DATA!$B:$B,RAW_DATA!$C:$C),1),$A19)*(RAW_DATA!T:T=1)))/$B19),"",SUM(_xlfn._xlws.FILTER(RAW_DATA!$F:$F,EXACT(_xlfn._xlws.FILTER(CONCATENATE(RAW_DATA!$A:$A,RAW_DATA!$B:$B,RAW_DATA!$C:$C),1),$A19)*(RAW_DATA!T:T=1)))/$B19)} | L19: {=IF(ISERR(SUM(_xlfn._xlws.FILTER(RAW_DATA!$F:$F,EXACT(_xlfn._xlws.FILTER(CONCATENATE(RAW_DATA!$A:$A,RAW_DATA!$B:$B,RAW_DATA!$C:$C),1),$A19)*(RAW_DATA!U:U=1)))/$C19),"",SUM(_xlfn._xlws.FILTER(RAW_DATA!$F:$F,EXACT(_xlfn._xlws.FILTER(CONCATENATE(RAW_DATA!$A:$A,RAW_DATA!$B:$B,RAW_DATA!$C:$C),1),$A19)*(RAW_DATA!U:U=1)))/$C19)} | M19: {=IF(ISERR(SUM(_xlfn._xlws.FILTER(RAW_DATA!$F:$F,EXACT(_xlfn._xlws.FILTER(CONCATENATE(RAW_DATA!$A:$A,RAW_DATA!$B:$B,RAW_DATA!$C:$C),1),$A19)*(RAW_DATA!V:V=1)))/$D19),"",SUM(_xlfn._xlws.FILTER(RAW_DATA!$F:$F,EXACT(_xlfn._xlws.FILTER(CONCATENATE(RAW_DATA!$A:$A,RAW_DATA!$B:$B,RAW_DATA!$C:$C),1),$A19)*(RAW_DATA!V:V=1)))/$D19)} | N19: {=IF(ISERR(SUM(_xlfn._xlws.FILTER(RAW_DATA!G:G,EXACT(_xlfn._xlws.FILTER(CONCATENATE(RAW_DATA!$A:$A,RAW_DATA!$B:$B,RAW_DATA!$C:$C),1),$A19)*(RAW_DATA!$T:$T=1)))/$B19),"",SUM(_xlfn._xlws.FILTER(RAW_DATA!G:G,EXACT(_xlfn._xlws.FILTER(CONCATENATE(RAW_DATA!$A:$A,RAW_DATA!$B:$B,RAW_DATA!$C:$C),1),$A19)*(RAW_DATA!$T:$T=1)))/$B19)} | O19: {=IF(ISERR(SUM(_xlfn._xlws.FILTER(RAW_DATA!H:H,EXACT(_xlfn._xlws.FILTER(CONCATENATE(RAW_DATA!$A:$A,RAW_DATA!$B:$B,RAW_DATA!$C:$C),1),$A19)*(RAW_DATA!$T:$T=1)))/$B19),"",SUM(_xlfn._xlws.FILTER(RAW_DATA!H:H,EXACT(_xlfn._xlws.FILTER(CONCATENATE(RAW_DATA!$A:$A,RAW_DATA!$B:$B,RAW_DATA!$C:$C),1),$A19)*(RAW_DATA!$T:$T=1)))/$B19)} | P19: {=IF(ISERR(SUM(_xlfn._xlws.FILTER(RAW_DATA!I:I,EXACT(_xlfn._xlws.FILTER(CONCATENATE(RAW_DATA!$A:$A,RAW_DATA!$B:$B,RAW_DATA!$C:$C),1),$A19)*(RAW_DATA!$T:$T=1)))/$B19),"",SUM(_xlfn._xlws.FILTER(RAW_DATA!I:I,EXACT(_xlfn._xlws.FILTER(CONCATENATE(RAW_DATA!$A:$A,RAW_DATA!$B:$B,RAW_DATA!$C:$C),1),$A19)*(RAW_DATA!$T:$T=1)))/$B19)} | Q19: {=IF(ISERR(SUM(_xlfn._xlws.FILTER(RAW_DATA!J:J,EXACT(_xlfn._xlws.FILTER(CONCATENATE(RAW_DATA!$A:$A,RAW_DATA!$B:$B,RAW_DATA!$C:$C),1),$A19)*(RAW_DATA!$T:$T=1)))/$B19),"",SUM(_xlfn._xlws.FILTER(RAW_DATA!J:J,EXACT(_xlfn._xlws.FILTER(CONCATENATE(RAW_DATA!$A:$A,RAW_DATA!$B:$B,RAW_DATA!$C:$C),1),$A19)*(RAW_DATA!$T:$T=1)))/$B19)} | R19: {=IF(ISERR(SUM(_xlfn._xlws.FILTER(RAW_DATA!K:K,EXACT(_xlfn._xlws.FILTER(CONCATENATE(RAW_DATA!$A:$A,RAW_DATA!$B:$B,RAW_DATA!$C:$C),1),$A19)*(RAW_DATA!$T:$T=1)))/$B19),"",SUM(_xlfn._xlws.FILTER(RAW_DATA!K:K,EXACT(_xlfn._xlws.FILTER(CONCATENATE(RAW_DATA!$A:$A,RAW_DATA!$B:$B,RAW_DATA!$C:$C),1),$A19)*(RAW_DATA!$T:$T=1)))/$B19)} | S19: {=IF(ISERR(SUM(_xlfn._xlws.FILTER(RAW_DATA!L:L,EXACT(_xlfn._xlws.FILTER(CONCATENATE(RAW_DATA!$A:$A,RAW_DATA!$B:$B,RAW_DATA!$C:$C),1),$A19)*(RAW_DATA!$T:$T=1)))/$B19),"",SUM(_xlfn._xlws.FILTER(RAW_DATA!L:L,EXACT(_xlfn._xlws.FILTER(CONCATENATE(RAW_DATA!$A:$A,RAW_DATA!$B:$B,RAW_DATA!$C:$C),1),$A19)*(RAW_DATA!$T:$T=1)))/$B19)} | T19: {=IF(ISERR(SUM(_xlfn._xlws.FILTER(RAW_DATA!M:M,EXACT(_xlfn._xlws.FILTER(CONCATENATE(RAW_DATA!$A:$A,RAW_DATA!$B:$B,RAW_DATA!$C:$C),1),$A19)*(RAW_DATA!$V:$V=1)))/$D19),"",SUM(_xlfn._xlws.FILTER(RAW_DATA!M:M,EXACT(_xlfn._xlws.FILTER(CONCATENATE(RAW_DATA!$A:$A,RAW_DATA!$B:$B,RAW_DATA!$C:$C),1),$A19)*(RAW_DATA!$V:$V=1)))/$D19)} | U19: {=IF(ISERR(SUM(_xlfn._xlws.FILTER(RAW_DATA!N:N,EXACT(_xlfn._xlws.FILTER(CONCATENATE(RAW_DATA!$A:$A,RAW_DATA!$B:$B,RAW_DATA!$C:$C),1),$A19)*(RAW_DATA!$V:$V=1)))/$D19),"",SUM(_xlfn._xlws.FILTER(RAW_DATA!N:N,EXACT(_xlfn._xlws.FILTER(CONCATENATE(RAW_DATA!$A:$A,RAW_DATA!$B:$B,RAW_DATA!$C:$C),1),$A19)*(RAW_DATA!$V:$V=1)))/$D19)} | V19: {=IF(ISERR(SUM(_xlfn._xlws.FILTER(RAW_DATA!O:O,EXACT(_xlfn._xlws.FILTER(CONCATENATE(RAW_DATA!$A:$A,RAW_DATA!$B:$B,RAW_DATA!$C:$C),1),$A19)*(RAW_DATA!$V:$V=1)))/$D19),"",SUM(_xlfn._xlws.FILTER(RAW_DATA!O:O,EXACT(_xlfn._xlws.FILTER(CONCATENATE(RAW_DATA!$A:$A,RAW_DATA!$B:$B,RAW_DATA!$C:$C),1),$A19)*(RAW_DATA!$V:$V=1)))/$D19)} | W19: {=IF(ISERR(SUM(_xlfn._xlws.FILTER(RAW_DATA!P:P,EXACT(_xlfn._xlws.FILTER(CONCATENATE(RAW_DATA!$A:$A,RAW_DATA!$B:$B,RAW_DATA!$C:$C),1),$A19)*(RAW_DATA!$V:$V=1)))/$D19),"",SUM(_xlfn._xlws.FILTER(RAW_DATA!P:P,EXACT(_xlfn._xlws.FILTER(CONCATENATE(RAW_DATA!$A:$A,RAW_DATA!$B:$B,RAW_DATA!$C:$C),1),$A19)*(RAW_DATA!$V:$V=1)))/$D19)} | X19: {=IF(ISERR(SUM(_xlfn._xlws.FILTER(RAW_DATA!Q:Q,EXACT(_xlfn._xlws.FILTER(CONCATENATE(RAW_DATA!$A:$A,RAW_DATA!$B:$B,RAW_DATA!$C:$C),1),$A19)*(RAW_DATA!$V:$V=1)))/$D19),"",SUM(_xlfn._xlws.FILTER(RAW_DATA!Q:Q,EXACT(_xlfn._xlws.FILTER(CONCATENATE(RAW_DATA!$A:$A,RAW_DATA!$B:$B,RAW_DATA!$C:$C),1),$A19)*(RAW_DATA!$V:$V=1)))/$D19)} | Y19: {=IF(ISERR(SUM(_xlfn._xlws.FILTER(RAW_DATA!R:R,EXACT(_xlfn._xlws.FILTER(CONCATENATE(RAW_DATA!$A:$A,RAW_DATA!$B:$B,RAW_DATA!$C:$C),1),$A19)*(RAW_DATA!$V:$V=1)))/$D19),"",SUM(_xlfn._xlws.FILTER(RAW_DATA!R:R,EXACT(_xlfn._xlws.FILTER(CONCATENATE(RAW_DATA!$A:$A,RAW_DATA!$B:$B,RAW_DATA!$C:$C),1),$A19)*(RAW_DATA!$V:$V=1)))/$D19)} | Z19: {=IF(ISERR(SUM(_xlfn._xlws.FILTER(RAW_DATA!S:S,EXACT(_xlfn._xlws.FILTER(CONCATENATE(RAW_DATA!$A:$A,RAW_DATA!$B:$B,RAW_DATA!$C:$C),1),$A19)*(RAW_DATA!$V:$V=1)))/$D19),"",SUM(_xlfn._xlws.FILTER(RAW_DATA!S:S,EXACT(_xlfn._xlws.FILTER(CONCATENATE(RAW_DATA!$A:$A,RAW_DATA!$B:$B,RAW_DATA!$C:$C),1),$A19)*(RAW_DATA!$V:$V=1)))/$D19)}
B20: {=IF(ISERR(SUM(_xlfn._xlws.FILTER(RAW_DATA!$T:$T,EXACT(_xlfn._xlws.FILTER(CONCATENATE(RAW_DATA!$A:$A,RAW_DATA!$B:$B,RAW_DATA!$C:$C),1),$A20)))),"",SUM(_xlfn._xlws.FILTER(RAW_DATA!$T:$T,EXACT(_xlfn._xlws.FILTER(CONCATENATE(RAW_DATA!$A:$A,RAW_DATA!$B:$B,RAW_DATA!$C:$C),1),$A20))))} -> 0 | C20: {=IF(ISERR(SUM(_xlfn._xlws.FILTER(RAW_DATA!$U:$U,EXACT(_xlfn._xlws.FILTER(CONCATENATE(RAW_DATA!$A:$A,RAW_DATA!$B:$B,RAW_DATA!$C:$C),1),$A20)))),"",SUM(_xlfn._xlws.FILTER(RAW_DATA!$U:$U,EXACT(_xlfn._xlws.FILTER(CONCATENATE(RAW_DATA!$A:$A,RAW_DATA!$B:$B,RAW_DATA!$C:$C),1),$A20))))} -> 0 | D20: {=IF(ISERR(SUM(_xlfn._xlws.FILTER(RAW_DATA!$V:$V,EXACT(_xlfn._xlws.FILTER(CONCATENATE(RAW_DATA!$A:$A,RAW_DATA!$B:$B,RAW_DATA!$C:$C),1),$A20)))),"",SUM(_xlfn._xlws.FILTER(RAW_DATA!$V:$V,EXACT(_xlfn._xlws.FILTER(CONCATENATE(RAW_DATA!$A:$A,RAW_DATA!$B:$B,RAW_DATA!$C:$C),1),$A20))))} -> 0 | E20: {=IF(ISERR(SUM(_xlfn._xlws.FILTER(RAW_DATA!$X:$X,EXACT(_xlfn._xlws.FILTER(CONCATENATE(RAW_DATA!$A:$A,RAW_DATA!$B:$B,RAW_DATA!$C:$C),1),$A20)*(RAW_DATA!$T:$T=1)))/$B20),"",SUM(_xlfn._xlws.FILTER(RAW_DATA!$X:$X,EXACT(_xlfn._xlws.FILTER(CONCATENATE(RAW_DATA!$A:$A,RAW_DATA!$B:$B,RAW_DATA!$C:$C),1),$A20)*(RAW_DATA!$T:$T=1)))/$B20)} | F20: {=IF(ISERR(SUM(_xlfn._xlws.FILTER(RAW_DATA!$Y:$Y,EXACT(_xlfn._xlws.FILTER(CONCATENATE(RAW_DATA!$A:$A,RAW_DATA!$B:$B,RAW_DATA!$C:$C),1),$A20)*(RAW_DATA!$U:$U=1)))/$C20),"",SUM(_xlfn._xlws.FILTER(RAW_DATA!$Y:$Y,EXACT(_xlfn._xlws.FILTER(CONCATENATE(RAW_DATA!$A:$A,RAW_DATA!$B:$B,RAW_DATA!$C:$C),1),$A20)*(RAW_DATA!$U:$U=1)))/$C20)} | G20: {=IF(ISERR(SUM(_xlfn._xlws.FILTER(RAW_DATA!$Z:$Z,EXACT(_xlfn._xlws.FILTER(CONCATENATE(RAW_DATA!$A:$A,RAW_DATA!$B:$B,RAW_DATA!$C:$C),1),$A20)*(RAW_DATA!$V:$V=1)))/$D20),"",SUM(_xlfn._xlws.FILTER(RAW_DATA!$Z:$Z,EXACT(_xlfn._xlws.FILTER(CONCATENATE(RAW_DATA!$A:$A,RAW_DATA!$B:$B,RAW_DATA!$C:$C),1),$A20)*(RAW_DATA!$V:$V=1)))/$D20)} | H20: {=IF(ISERR(SUM(_xlfn._xlws.FILTER(RAW_DATA!$E:$E,EXACT(_xlfn._xlws.FILTER(CONCATENATE(RAW_DATA!$A:$A,RAW_DATA!$B:$B,RAW_DATA!$C:$C),1),$A20)*(RAW_DATA!T:T=1)))/$B20),"",SUM(_xlfn._xlws.FILTER(RAW_DATA!$E:$E,EXACT(_xlfn._xlws.FILTER(CONCATENATE(RAW_DATA!$A:$A,RAW_DATA!$B:$B,RAW_DATA!$C:$C),1),$A20)*(RAW_DATA!T:T=1)))/$B20)} | I20: {=IF(ISERR(SUM(_xlfn._xlws.FILTER(RAW_DATA!$E:$E,EXACT(_xlfn._xlws.FILTER(CONCATENATE(RAW_DATA!$A:$A,RAW_DATA!$B:$B,RAW_DATA!$C:$C),1),$A20)*(RAW_DATA!U:U=1)))/$C20),"",SUM(_xlfn._xlws.FILTER(RAW_DATA!$E:$E,EXACT(_xlfn._xlws.FILTER(CONCATENATE(RAW_DATA!$A:$A,RAW_DATA!$B:$B,RAW_DATA!$C:$C),1),$A20)*(RAW_DATA!U:U=1)))/$C20)} | J20: {=IF(ISERR(SUM(_xlfn._xlws.FILTER(RAW_DATA!$E:$E,EXACT(_xlfn._xlws.FILTER(CONCATENATE(RAW_DATA!$A:$A,RAW_DATA!$B:$B,RAW_DATA!$C:$C),1),$A20)*(RAW_DATA!V:V=1)))/$D20),"",SUM(_xlfn._xlws.FILTER(RAW_DATA!$E:$E,EXACT(_xlfn._xlws.FILTER(CONCATENATE(RAW_DATA!$A:$A,RAW_DATA!$B:$B,RAW_DATA!$C:$C),1),$A20)*(RAW_DATA!V:V=1)))/$D20)} | K20: {=IF(ISERR(SUM(_xlfn._xlws.FILTER(RAW_DATA!$F:$F,EXACT(_xlfn._xlws.FILTER(CONCATENATE(RAW_DATA!$A:$A,RAW_DATA!$B:$B,RAW_DATA!$C:$C),1),$A20)*(RAW_DATA!T:T=1)))/$B20),"",SUM(_xlfn._xlws.FILTER(RAW_DATA!$F:$F,EXACT(_xlfn._xlws.FILTER(CONCATENATE(RAW_DATA!$A:$A,RAW_DATA!$B:$B,RAW_DATA!$C:$C),1),$A20)*(RAW_DATA!T:T=1)))/$B20)} | L20: {=IF(ISERR(SUM(_xlfn._xlws.FILTER(RAW_DATA!$F:$F,EXACT(_xlfn._xlws.FILTER(CONCATENATE(RAW_DATA!$A:$A,RAW_DATA!$B:$B,RAW_DATA!$C:$C),1),$A20)*(RAW_DATA!U:U=1)))/$C20),"",SUM(_xlfn._xlws.FILTER(RAW_DATA!$F:$F,EXACT(_xlfn._xlws.FILTER(CONCATENATE(RAW_DATA!$A:$A,RAW_DATA!$B:$B,RAW_DATA!$C:$C),1),$A20)*(RAW_DATA!U:U=1)))/$C20)} | M20: {=IF(ISERR(SUM(_xlfn._xlws.FILTER(RAW_DATA!$F:$F,EXACT(_xlfn._xlws.FILTER(CONCATENATE(RAW_DATA!$A:$A,RAW_DATA!$B:$B,RAW_DATA!$C:$C),1),$A20)*(RAW_DATA!V:V=1)))/$D20),"",SUM(_xlfn._xlws.FILTER(RAW_DATA!$F:$F,EXACT(_xlfn._xlws.FILTER(CONCATENATE(RAW_DATA!$A:$A,RAW_DATA!$B:$B,RAW_DATA!$C:$C),1),$A20)*(RAW_DATA!V:V=1)))/$D20)} | N20: {=IF(ISERR(SUM(_xlfn._xlws.FILTER(RAW_DATA!G:G,EXACT(_xlfn._xlws.FILTER(CONCATENATE(RAW_DATA!$A:$A,RAW_DATA!$B:$B,RAW_DATA!$C:$C),1),$A20)*(RAW_DATA!$T:$T=1)))/$B20),"",SUM(_xlfn._xlws.FILTER(RAW_DATA!G:G,EXACT(_xlfn._xlws.FILTER(CONCATENATE(RAW_DATA!$A:$A,RAW_DATA!$B:$B,RAW_DATA!$C:$C),1),$A20)*(RAW_DATA!$T:$T=1)))/$B20)} | O20: {=IF(ISERR(SUM(_xlfn._xlws.FILTER(RAW_DATA!H:H,EXACT(_xlfn._xlws.FILTER(CONCATENATE(RAW_DATA!$A:$A,RAW_DATA!$B:$B,RAW_DATA!$C:$C),1),$A20)*(RAW_DATA!$T:$T=1)))/$B20),"",SUM(_xlfn._xlws.FILTER(RAW_DATA!H:H,EXACT(_xlfn._xlws.FILTER(CONCATENATE(RAW_DATA!$A:$A,RAW_DATA!$B:$B,RAW_DATA!$C:$C),1),$A20)*(RAW_DATA!$T:$T=1)))/$B20)} | P20: {=IF(ISERR(SUM(_xlfn._xlws.FILTER(RAW_DATA!I:I,EXACT(_xlfn._xlws.FILTER(CONCATENATE(RAW_DATA!$A:$A,RAW_DATA!$B:$B,RAW_DATA!$C:$C),1),$A20)*(RAW_DATA!$T:$T=1)))/$B20),"",SUM(_xlfn._xlws.FILTER(RAW_DATA!I:I,EXACT(_xlfn._xlws.FILTER(CONCATENATE(RAW_DATA!$A:$A,RAW_DATA!$B:$B,RAW_DATA!$C:$C),1),$A20)*(RAW_DATA!$T:$T=1)))/$B20)} | Q20: {=IF(ISERR(SUM(_xlfn._xlws.FILTER(RAW_DATA!J:J,EXACT(_xlfn._xlws.FILTER(CONCATENATE(RAW_DATA!$A:$A,RAW_DATA!$B:$B,RAW_DATA!$C:$C),1),$A20)*(RAW_DATA!$T:$T=1)))/$B20),"",SUM(_xlfn._xlws.FILTER(RAW_DATA!J:J,EXACT(_xlfn._xlws.FILTER(CONCATENATE(RAW_DATA!$A:$A,RAW_DATA!$B:$B,RAW_DATA!$C:$C),1),$A20)*(RAW_DATA!$T:$T=1)))/$B20)} | R20: {=IF(ISERR(SUM(_xlfn._xlws.FILTER(RAW_DATA!K:K,EXACT(_xlfn._xlws.FILTER(CONCATENATE(RAW_DATA!$A:$A,RAW_DATA!$B:$B,RAW_DATA!$C:$C),1),$A20)*(RAW_DATA!$T:$T=1)))/$B20),"",SUM(_xlfn._xlws.FILTER(RAW_DATA!K:K,EXACT(_xlfn._xlws.FILTER(CONCATENATE(RAW_DATA!$A:$A,RAW_DATA!$B:$B,RAW_DATA!$C:$C),1),$A20)*(RAW_DATA!$T:$T=1)))/$B20)} | S20: {=IF(ISERR(SUM(_xlfn._xlws.FILTER(RAW_DATA!L:L,EXACT(_xlfn._xlws.FILTER(CONCATENATE(RAW_DATA!$A:$A,RAW_DATA!$B:$B,RAW_DATA!$C:$C),1),$A20)*(RAW_DATA!$T:$T=1)))/$B20),"",SUM(_xlfn._xlws.FILTER(RAW_DATA!L:L,EXACT(_xlfn._xlws.FILTER(CONCATENATE(RAW_DATA!$A:$A,RAW_DATA!$B:$B,RAW_DATA!$C:$C),1),$A20)*(RAW_DATA!$T:$T=1)))/$B20)} | T20: {=IF(ISERR(SUM(_xlfn._xlws.FILTER(RAW_DATA!M:M,EXACT(_xlfn._xlws.FILTER(CONCATENATE(RAW_DATA!$A:$A,RAW_DATA!$B:$B,RAW_DATA!$C:$C),1),$A20)*(RAW_DATA!$V:$V=1)))/$D20),"",SUM(_xlfn._xlws.FILTER(RAW_DATA!M:M,EXACT(_xlfn._xlws.FILTER(CONCATENATE(RAW_DATA!$A:$A,RAW_DATA!$B:$B,RAW_DATA!$C:$C),1),$A20)*(RAW_DATA!$V:$V=1)))/$D20)} | U20: {=IF(ISERR(SUM(_xlfn._xlws.FILTER(RAW_DATA!N:N,EXACT(_xlfn._xlws.FILTER(CONCATENATE(RAW_DATA!$A:$A,RAW_DATA!$B:$B,RAW_DATA!$C:$C),1),$A20)*(RAW_DATA!$V:$V=1)))/$D20),"",SUM(_xlfn._xlws.FILTER(RAW_DATA!N:N,EXACT(_xlfn._xlws.FILTER(CONCATENATE(RAW_DATA!$A:$A,RAW_DATA!$B:$B,RAW_DATA!$C:$C),1),$A20)*(RAW_DATA!$V:$V=1)))/$D20)} | V20: {=IF(ISERR(SUM(_xlfn._xlws.FILTER(RAW_DATA!O:O,EXACT(_xlfn._xlws.FILTER(CONCATENATE(RAW_DATA!$A:$A,RAW_DATA!$B:$B,RAW_DATA!$C:$C),1),$A20)*(RAW_DATA!$V:$V=1)))/$D20),"",SUM(_xlfn._xlws.FILTER(RAW_DATA!O:O,EXACT(_xlfn._xlws.FILTER(CONCATENATE(RAW_DATA!$A:$A,RAW_DATA!$B:$B,RAW_DATA!$C:$C),1),$A20)*(RAW_DATA!$V:$V=1)))/$D20)} | W20: {=IF(ISERR(SUM(_xlfn._xlws.FILTER(RAW_DATA!P:P,EXACT(_xlfn._xlws.FILTER(CONCATENATE(RAW_DATA!$A:$A,RAW_DATA!$B:$B,RAW_DATA!$C:$C),1),$A20)*(RAW_DATA!$V:$V=1)))/$D20),"",SUM(_xlfn._xlws.FILTER(RAW_DATA!P:P,EXACT(_xlfn._xlws.FILTER(CONCATENATE(RAW_DATA!$A:$A,RAW_DATA!$B:$B,RAW_DATA!$C:$C),1),$A20)*(RAW_DATA!$V:$V=1)))/$D20)} | X20: {=IF(ISERR(SUM(_xlfn._xlws.FILTER(RAW_DATA!Q:Q,EXACT(_xlfn._xlws.FILTER(CONCATENATE(RAW_DATA!$A:$A,RAW_DATA!$B:$B,RAW_DATA!$C:$C),1),$A20)*(RAW_DATA!$V:$V=1)))/$D20),"",SUM(_xlfn._xlws.FILTER(RAW_DATA!Q:Q,EXACT(_xlfn._xlws.FILTER(CONCATENATE(RAW_DATA!$A:$A,RAW_DATA!$B:$B,RAW_DATA!$C:$C),1),$A20)*(RAW_DATA!$V:$V=1)))/$D20)} | Y20: {=IF(ISERR(SUM(_xlfn._xlws.FILTER(RAW_DATA!R:R,EXACT(_xlfn._xlws.FILTER(CONCATENATE(RAW_DATA!$A:$A,RAW_DATA!$B:$B,RAW_DATA!$C:$C),1),$A20)*(RAW_DATA!$V:$V=1)))/$D20),"",SUM(_xlfn._xlws.FILTER(RAW_DATA!R:R,EXACT(_xlfn._xlws.FILTER(CONCATENATE(RAW_DATA!$A:$A,RAW_DATA!$B:$B,RAW_DATA!$C:$C),1),$A20)*(RAW_DATA!$V:$V=1)))/$D20)} | Z20: {=IF(ISERR(SUM(_xlfn._xlws.FILTER(RAW_DATA!S:S,EXACT(_xlfn._xlws.FILTER(CONCATENATE(RAW_DATA!$A:$A,RAW_DATA!$B:$B,RAW_DATA!$C:$C),1),$A20)*(RAW_DATA!$V:$V=1)))/$D20),"",SUM(_xlfn._xlws.FILTER(RAW_DATA!S:S,EXACT(_xlfn._xlws.FILTER(CONCATENATE(RAW_DATA!$A:$A,RAW_DATA!$B:$B,RAW_DATA!$C:$C),1),$A20)*(RAW_DATA!$V:$V=1)))/$D20)}
B21: {=IF(ISERR(SUM(_xlfn._xlws.FILTER(RAW_DATA!$T:$T,EXACT(_xlfn._xlws.FILTER(CONCATENATE(RAW_DATA!$A:$A,RAW_DATA!$B:$B,RAW_DATA!$C:$C),1),$A21)))),"",SUM(_xlfn._xlws.FILTER(RAW_DATA!$T:$T,EXACT(_xlfn._xlws.FILTER(CONCATENATE(RAW_DATA!$A:$A,RAW_DATA!$B:$B,RAW_DATA!$C:$C),1),$A21))))} -> 0 | C21: {=IF(ISERR(SUM(_xlfn._xlws.FILTER(RAW_DATA!$U:$U,EXACT(_xlfn._xlws.FILTER(CONCATENATE(RAW_DATA!$A:$A,RAW_DATA!$B:$B,RAW_DATA!$C:$C),1),$A21)))),"",SUM(_xlfn._xlws.FILTER(RAW_DATA!$U:$U,EXACT(_xlfn._xlws.FILTER(CONCATENATE(RAW_DATA!$A:$A,RAW_DATA!$B:$B,RAW_DATA!$C:$C),1),$A21))))} -> 0 | D21: {=IF(ISERR(SUM(_xlfn._xlws.FILTER(RAW_DATA!$V:$V,EXACT(_xlfn._xlws.FILTER(CONCATENATE(RAW_DATA!$A:$A,RAW_DATA!$B:$B,RAW_DATA!$C:$C),1),$A21)))),"",SUM(_xlfn._xlws.FILTER(RAW_DATA!$V:$V,EXACT(_xlfn._xlws.FILTER(CONCATENATE(RAW_DATA!$A:$A,RAW_DATA!$B:$B,RAW_DATA!$C:$C),1),$A21))))} -> 0 | E21: {=IF(ISERR(SUM(_xlfn._xlws.FILTER(RAW_DATA!$X:$X,EXACT(_xlfn._xlws.FILTER(CONCATENATE(RAW_DATA!$A:$A,RAW_DATA!$B:$B,RAW_DATA!$C:$C),1),$A21)*(RAW_DATA!$T:$T=1)))/$B21),"",SUM(_xlfn._xlws.FILTER(RAW_DATA!$X:$X,EXACT(_xlfn._xlws.FILTER(CONCATENATE(RAW_DATA!$A:$A,RAW_DATA!$B:$B,RAW_DATA!$C:$C),1),$A21)*(RAW_DATA!$T:$T=1)))/$B21)} | F21: {=IF(ISERR(SUM(_xlfn._xlws.FILTER(RAW_DATA!$Y:$Y,EXACT(_xlfn._xlws.FILTER(CONCATENATE(RAW_DATA!$A:$A,RAW_DATA!$B:$B,RAW_DATA!$C:$C),1),$A21)*(RAW_DATA!$U:$U=1)))/$C21),"",SUM(_xlfn._xlws.FILTER(RAW_DATA!$Y:$Y,EXACT(_xlfn._xlws.FILTER(CONCATENATE(RAW_DATA!$A:$A,RAW_DATA!$B:$B,RAW_DATA!$C:$C),1),$A21)*(RAW_DATA!$U:$U=1)))/$C21)} | G21: {=IF(ISERR(SUM(_xlfn._xlws.FILTER(RAW_DATA!$Z:$Z,EXACT(_xlfn._xlws.FILTER(CONCATENATE(RAW_DATA!$A:$A,RAW_DATA!$B:$B,RAW_DATA!$C:$C),1),$A21)*(RAW_DATA!$V:$V=1)))/$D21),"",SUM(_xlfn._xlws.FILTER(RAW_DATA!$Z:$Z,EXACT(_xlfn._xlws.FILTER(CONCATENATE(RAW_DATA!$A:$A,RAW_DATA!$B:$B,RAW_DATA!$C:$C),1),$A21)*(RAW_DATA!$V:$V=1)))/$D21)} | H21: {=IF(ISERR(SUM(_xlfn._xlws.FILTER(RAW_DATA!$E:$E,EXACT(_xlfn._xlws.FILTER(CONCATENATE(RAW_DATA!$A:$A,RAW_DATA!$B:$B,RAW_DATA!$C:$C),1),$A21)*(RAW_DATA!T:T=1)))/$B21),"",SUM(_xlfn._xlws.FILTER(RAW_DATA!$E:$E,EXACT(_xlfn._xlws.FILTER(CONCATENATE(RAW_DATA!$A:$A,RAW_DATA!$B:$B,RAW_DATA!$C:$C),1),$A21)*(RAW_DATA!T:T=1)))/$B21)} | I21: {=IF(ISERR(SUM(_xlfn._xlws.FILTER(RAW_DATA!$E:$E,EXACT(_xlfn._xlws.FILTER(CONCATENATE(RAW_DATA!$A:$A,RAW_DATA!$B:$B,RAW_DATA!$C:$C),1),$A21)*(RAW_DATA!U:U=1)))/$C21),"",SUM(_xlfn._xlws.FILTER(RAW_DATA!$E:$E,EXACT(_xlfn._xlws.FILTER(CONCATENATE(RAW_DATA!$A:$A,RAW_DATA!$B:$B,RAW_DATA!$C:$C),1),$A21)*(RAW_DATA!U:U=1)))/$C21)} | J21: {=IF(ISERR(SUM(_xlfn._xlws.FILTER(RAW_DATA!$E:$E,EXACT(_xlfn._xlws.FILTER(CONCATENATE(RAW_DATA!$A:$A,RAW_DATA!$B:$B,RAW_DATA!$C:$C),1),$A21)*(RAW_DATA!V:V=1)))/$D21),"",SUM(_xlfn._xlws.FILTER(RAW_DATA!$E:$E,EXACT(_xlfn._xlws.FILTER(CONCATENATE(RAW_DATA!$A:$A,RAW_DATA!$B:$B,RAW_DATA!$C:$C),1),$A21)*(RAW_DATA!V:V=1)))/$D21)} | K21: {=IF(ISERR(SUM(_xlfn._xlws.FILTER(RAW_DATA!$F:$F,EXACT(_xlfn._xlws.FILTER(CONCATENATE(RAW_DATA!$A:$A,RAW_DATA!$B:$B,RAW_DATA!$C:$C),1),$A21)*(RAW_DATA!T:T=1)))/$B21),"",SUM(_xlfn._xlws.FILTER(RAW_DATA!$F:$F,EXACT(_xlfn._xlws.FILTER(CONCATENATE(RAW_DATA!$A:$A,RAW_DATA!$B:$B,RAW_DATA!$C:$C),1),$A21)*(RAW_DATA!T:T=1)))/$B21)} | L21: {=IF(ISERR(SUM(_xlfn._xlws.FILTER(RAW_DATA!$F:$F,EXACT(_xlfn._xlws.FILTER(CONCATENATE(RAW_DATA!$A:$A,RAW_DATA!$B:$B,RAW_DATA!$C:$C),1),$A21)*(RAW_DATA!U:U=1)))/$C21),"",SUM(_xlfn._xlws.FILTER(RAW_DATA!$F:$F,EXACT(_xlfn._xlws.FILTER(CONCATENATE(RAW_DATA!$A:$A,RAW_DATA!$B:$B,RAW_DATA!$C:$C),1),$A21)*(RAW_DATA!U:U=1)))/$C21)} | M21: {=IF(ISERR(SUM(_xlfn._xlws.FILTER(RAW_DATA!$F:$F,EXACT(_xlfn._xlws.FILTER(CONCATENATE(RAW_DATA!$A:$A,RAW_DATA!$B:$B,RAW_DATA!$C:$C),1),$A21)*(RAW_DATA!V:V=1)))/$D21),"",SUM(_xlfn._xlws.FILTER(RAW_DATA!$F:$F,EXACT(_xlfn._xlws.FILTER(CONCATENATE(RAW_DATA!$A:$A,RAW_DATA!$B:$B,RAW_DATA!$C:$C),1),$A21)*(RAW_DATA!V:V=1)))/$D21)} | N21: {=IF(ISERR(SUM(_xlfn._xlws.FILTER(RAW_DATA!G:G,EXACT(_xlfn._xlws.FILTER(CONCATENATE(RAW_DATA!$A:$A,RAW_DATA!$B:$B,RAW_DATA!$C:$C),1),$A21)*(RAW_DATA!$T:$T=1)))/$B21),"",SUM(_xlfn._xlws.FILTER(RAW_DATA!G:G,EXACT(_xlfn._xlws.FILTER(CONCATENATE(RAW_DATA!$A:$A,RAW_DATA!$B:$B,RAW_DATA!$C:$C),1),$A21)*(RAW_DATA!$T:$T=1)))/$B21)} | O21: {=IF(ISERR(SUM(_xlfn._xlws.FILTER(RAW_DATA!H:H,EXACT(_xlfn._xlws.FILTER(CONCATENATE(RAW_DATA!$A:$A,RAW_DATA!$B:$B,RAW_DATA!$C:$C),1),$A21)*(RAW_DATA!$T:$T=1)))/$B21),"",SUM(_xlfn._xlws.FILTER(RAW_DATA!H:H,EXACT(_xlfn._xlws.FILTER(CONCATENATE(RAW_DATA!$A:$A,RAW_DATA!$B:$B,RAW_DATA!$C:$C),1),$A21)*(RAW_DATA!$T:$T=1)))/$B21)} | P21: {=IF(ISERR(SUM(_xlfn._xlws.FILTER(RAW_DATA!I:I,EXACT(_xlfn._xlws.FILTER(CONCATENATE(RAW_DATA!$A:$A,RAW_DATA!$B:$B,RAW_DATA!$C:$C),1),$A21)*(RAW_DATA!$T:$T=1)))/$B21),"",SUM(_xlfn._xlws.FILTER(RAW_DATA!I:I,EXACT(_xlfn._xlws.FILTER(CONCATENATE(RAW_DATA!$A:$A,RAW_DATA!$B:$B,RAW_DATA!$C:$C),1),$A21)*(RAW_DATA!$T:$T=1)))/$B21)} | Q21: {=IF(ISERR(SUM(_xlfn._xlws.FILTER(RAW_DATA!J:J,EXACT(_xlfn._xlws.FILTER(CONCATENATE(RAW_DATA!$A:$A,RAW_DATA!$B:$B,RAW_DATA!$C:$C),1),$A21)*(RAW_DATA!$T:$T=1)))/$B21),"",SUM(_xlfn._xlws.FILTER(RAW_DATA!J:J,EXACT(_xlfn._xlws.FILTER(CONCATENATE(RAW_DATA!$A:$A,RAW_DATA!$B:$B,RAW_DATA!$C:$C),1),$A21)*(RAW_DATA!$T:$T=1)))/$B21)} | R21: {=IF(ISERR(SUM(_xlfn._xlws.FILTER(RAW_DATA!K:K,EXACT(_xlfn._xlws.FILTER(CONCATENATE(RAW_DATA!$A:$A,RAW_DATA!$B:$B,RAW_DATA!$C:$C),1),$A21)*(RAW_DATA!$T:$T=1)))/$B21),"",SUM(_xlfn._xlws.FILTER(RAW_DATA!K:K,EXACT(_xlfn._xlws.FILTER(CONCATENATE(RAW_DATA!$A:$A,RAW_DATA!$B:$B,RAW_DATA!$C:$C),1),$A21)*(RAW_DATA!$T:$T=1)))/$B21)} | S21: {=IF(ISERR(SUM(_xlfn._xlws.FILTER(RAW_DATA!L:L,EXACT(_xlfn._xlws.FILTER(CONCATENATE(RAW_DATA!$A:$A,RAW_DATA!$B:$B,RAW_DATA!$C:$C),1),$A21)*(RAW_DATA!$T:$T=1)))/$B21),"",SUM(_xlfn._xlws.FILTER(RAW_DATA!L:L,EXACT(_xlfn._xlws.FILTER(CONCATENATE(RAW_DATA!$A:$A,RAW_DATA!$B:$B,RAW_DATA!$C:$C),1),$A21)*(RAW_DATA!$T:$T=1)))/$B21)} | T21: {=IF(ISERR(SUM(_xlfn._xlws.FILTER(RAW_DATA!M:M,EXACT(_xlfn._xlws.FILTER(CONCATENATE(RAW_DATA!$A:$A,RAW_DATA!$B:$B,RAW_DATA!$C:$C),1),$A21)*(RAW_DATA!$V:$V=1)))/$D21),"",SUM(_xlfn._xlws.FILTER(RAW_DATA!M:M,EXACT(_xlfn._xlws.FILTER(CONCATENATE(RAW_DATA!$A:$A,RAW_DATA!$B:$B,RAW_DATA!$C:$C),1),$A21)*(RAW_DATA!$V:$V=1)))/$D21)} | U21: {=IF(ISERR(SUM(_xlfn._xlws.FILTER(RAW_DATA!N:N,EXACT(_xlfn._xlws.FILTER(CONCATENATE(RAW_DATA!$A:$A,RAW_DATA!$B:$B,RAW_DATA!$C:$C),1),$A21)*(RAW_DATA!$V:$V=1)))/$D21),"",SUM(_xlfn._xlws.FILTER(RAW_DATA!N:N,EXACT(_xlfn._xlws.FILTER(CONCATENATE(RAW_DATA!$A:$A,RAW_DATA!$B:$B,RAW_DATA!$C:$C),1),$A21)*(RAW_DATA!$V:$V=1)))/$D21)} | V21: {=IF(ISERR(SUM(_xlfn._xlws.FILTER(RAW_DATA!O:O,EXACT(_xlfn._xlws.FILTER(CONCATENATE(RAW_DATA!$A:$A,RAW_DATA!$B:$B,RAW_DATA!$C:$C),1),$A21)*(RAW_DATA!$V:$V=1)))/$D21),"",SUM(_xlfn._xlws.FILTER(RAW_DATA!O:O,EXACT(_xlfn._xlws.FILTER(CONCATENATE(RAW_DATA!$A:$A,RAW_DATA!$B:$B,RAW_DATA!$C:$C),1),$A21)*(RAW_DATA!$V:$V=1)))/$D21)} | W21: {=IF(ISERR(SUM(_xlfn._xlws.FILTER(RAW_DATA!P:P,EXACT(_xlfn._xlws.FILTER(CONCATENATE(RAW_DATA!$A:$A,RAW_DATA!$B:$B,RAW_DATA!$C:$C),1),$A21)*(RAW_DATA!$V:$V=1)))/$D21),"",SUM(_xlfn._xlws.FILTER(RAW_DATA!P:P,EXACT(_xlfn._xlws.FILTER(CONCATENATE(RAW_DATA!$A:$A,RAW_DATA!$B:$B,RAW_DATA!$C:$C),1),$A21)*(RAW_DATA!$V:$V=1)))/$D21)} | X21: {=IF(ISERR(SUM(_xlfn._xlws.FILTER(RAW_DATA!Q:Q,EXACT(_xlfn._xlws.FILTER(CONCATENATE(RAW_DATA!$A:$A,RAW_DATA!$B:$B,RAW_DATA!$C:$C),1),$A21)*(RAW_DATA!$V:$V=1)))/$D21),"",SUM(_xlfn._xlws.FILTER(RAW_DATA!Q:Q,EXACT(_xlfn._xlws.FILTER(CONCATENATE(RAW_DATA!$A:$A,RAW_DATA!$B:$B,RAW_DATA!$C:$C),1),$A21)*(RAW_DATA!$V:$V=1)))/$D21)} | Y21: {=IF(ISERR(SUM(_xlfn._xlws.FILTER(RAW_DATA!R:R,EXACT(_xlfn._xlws.FILTER(CONCATENATE(RAW_DATA!$A:$A,RAW_DATA!$B:$B,RAW_DATA!$C:$C),1),$A21)*(RAW_DATA!$V:$V=1)))/$D21),"",SUM(_xlfn._xlws.FILTER(RAW_DATA!R:R,EXACT(_xlfn._xlws.FILTER(CONCATENATE(RAW_DATA!$A:$A,RAW_DATA!$B:$B,RAW_DATA!$C:$C),1),$A21)*(RAW_DATA!$V:$V=1)))/$D21)} | Z21: {=IF(ISERR(SUM(_xlfn._xlws.FILTER(RAW_DATA!S:S,EXACT(_xlfn._xlws.FILTER(CONCATENATE(RAW_DATA!$A:$A,RAW_DATA!$B:$B,RAW_DATA!$C:$C),1),$A21)*(RAW_DATA!$V:$V=1)))/$D21),"",SUM(_xlfn._xlws.FILTER(RAW_DATA!S:S,EXACT(_xlfn._xlws.FILTER(CONCATENATE(RAW_DATA!$A:$A,RAW_DATA!$B:$B,RAW_DATA!$C:$C),1),$A21)*(RAW_DATA!$V:$V=1)))/$D21)}
B22: {=IF(ISERR(SUM(_xlfn._xlws.FILTER(RAW_DATA!$T:$T,EXACT(_xlfn._xlws.FILTER(CONCATENATE(RAW_DATA!$A:$A,RAW_DATA!$B:$B,RAW_DATA!$C:$C),1),$A22)))),"",SUM(_xlfn._xlws.FILTER(RAW_DATA!$T:$T,EXACT(_xlfn._xlws.FILTER(CONCATENATE(RAW_DATA!$A:$A,RAW_DATA!$B:$B,RAW_DATA!$C:$C),1),$A22))))} -> 0 | C22: {=IF(ISERR(SUM(_xlfn._xlws.FILTER(RAW_DATA!$U:$U,EXACT(_xlfn._xlws.FILTER(CONCATENATE(RAW_DATA!$A:$A,RAW_DATA!$B:$B,RAW_DATA!$C:$C),1),$A22)))),"",SUM(_xlfn._xlws.FILTER(RAW_DATA!$U:$U,EXACT(_xlfn._xlws.FILTER(CONCATENATE(RAW_DATA!$A:$A,RAW_DATA!$B:$B,RAW_DATA!$C:$C),1),$A22))))} -> 0 | D22: {=IF(ISERR(SUM(_xlfn._xlws.FILTER(RAW_DATA!$V:$V,EXACT(_xlfn._xlws.FILTER(CONCATENATE(RAW_DATA!$A:$A,RAW_DATA!$B:$B,RAW_DATA!$C:$C),1),$A22)))),"",SUM(_xlfn._xlws.FILTER(RAW_DATA!$V:$V,EXACT(_xlfn._xlws.FILTER(CONCATENATE(RAW_DATA!$A:$A,RAW_DATA!$B:$B,RAW_DATA!$C:$C),1),$A22))))} -> 0 | E22: {=IF(ISERR(SUM(_xlfn._xlws.FILTER(RAW_DATA!$X:$X,EXACT(_xlfn._xlws.FILTER(CONCATENATE(RAW_DATA!$A:$A,RAW_DATA!$B:$B,RAW_DATA!$C:$C),1),$A22)*(RAW_DATA!$T:$T=1)))/$B22),"",SUM(_xlfn._xlws.FILTER(RAW_DATA!$X:$X,EXACT(_xlfn._xlws.FILTER(CONCATENATE(RAW_DATA!$A:$A,RAW_DATA!$B:$B,RAW_DATA!$C:$C),1),$A22)*(RAW_DATA!$T:$T=1)))/$B22)} | F22: {=IF(ISERR(SUM(_xlfn._xlws.FILTER(RAW_DATA!$Y:$Y,EXACT(_xlfn._xlws.FILTER(CONCATENATE(RAW_DATA!$A:$A,RAW_DATA!$B:$B,RAW_DATA!$C:$C),1),$A22)*(RAW_DATA!$U:$U=1)))/$C22),"",SUM(_xlfn._xlws.FILTER(RAW_DATA!$Y:$Y,EXACT(_xlfn._xlws.FILTER(CONCATENATE(RAW_DATA!$A:$A,RAW_DATA!$B:$B,RAW_DATA!$C:$C),1),$A22)*(RAW_DATA!$U:$U=1)))/$C22)} | G22: {=IF(ISERR(SUM(_xlfn._xlws.FILTER(RAW_DATA!$Z:$Z,EXACT(_xlfn._xlws.FILTER(CONCATENATE(RAW_DATA!$A:$A,RAW_DATA!$B:$B,RAW_DATA!$C:$C),1),$A22)*(RAW_DATA!$V:$V=1)))/$D22),"",SUM(_xlfn._xlws.FILTER(RAW_DATA!$Z:$Z,EXACT(_xlfn._xlws.FILTER(CONCATENATE(RAW_DATA!$A:$A,RAW_DATA!$B:$B,RAW_DATA!$C:$C),1),$A22)*(RAW_DATA!$V:$V=1)))/$D22)} | H22: {=IF(ISERR(SUM(_xlfn._xlws.FILTER(RAW_DATA!$E:$E,EXACT(_xlfn._xlws.FILTER(CONCATENATE(RAW_DATA!$A:$A,RAW_DATA!$B:$B,RAW_DATA!$C:$C),1),$A22)*(RAW_DATA!T:T=1)))/$B22),"",SUM(_xlfn._xlws.FILTER(RAW_DATA!$E:$E,EXACT(_xlfn._xlws.FILTER(CONCATENATE(RAW_DATA!$A:$A,RAW_DATA!$B:$B,RAW_DATA!$C:$C),1),$A22)*(RAW_DATA!T:T=1)))/$B22)} | I22: {=IF(ISERR(SUM(_xlfn._xlws.FILTER(RAW_DATA!$E:$E,EXACT(_xlfn._xlws.FILTER(CONCATENATE(RAW_DATA!$A:$A,RAW_DATA!$B:$B,RAW_DATA!$C:$C),1),$A22)*(RAW_DATA!U:U=1)))/$C22),"",SUM(_xlfn._xlws.FILTER(RAW_DATA!$E:$E,EXACT(_xlfn._xlws.FILTER(CONCATENATE(RAW_DATA!$A:$A,RAW_DATA!$B:$B,RAW_DATA!$C:$C),1),$A22)*(RAW_DATA!U:U=1)))/$C22)} | J22: {=IF(ISERR(SUM(_xlfn._xlws.FILTER(RAW_DATA!$E:$E,EXACT(_xlfn._xlws.FILTER(CONCATENATE(RAW_DATA!$A:$A,RAW_DATA!$B:$B,RAW_DATA!$C:$C),1),$A22)*(RAW_DATA!V:V=1)))/$D22),"",SUM(_xlfn._xlws.FILTER(RAW_DATA!$E:$E,EXACT(_xlfn._xlws.FILTER(CONCATENATE(RAW_DATA!$A:$A,RAW_DATA!$B:$B,RAW_DATA!$C:$C),1),$A22)*(RAW_DATA!V:V=1)))/$D22)} | K22: {=IF(ISERR(SUM(_xlfn._xlws.FILTER(RAW_DATA!$F:$F,EXACT(_xlfn._xlws.FILTER(CONCATENATE(RAW_DATA!$A:$A,RAW_DATA!$B:$B,RAW_DATA!$C:$C),1),$A22)*(RAW_DATA!T:T=1)))/$B22),"",SUM(_xlfn._xlws.FILTER(RAW_DATA!$F:$F,EXACT(_xlfn._xlws.FILTER(CONCATENATE(RAW_DATA!$A:$A,RAW_DATA!$B:$B,RAW_DATA!$C:$C),1),$A22)*(RAW_DATA!T:T=1)))/$B22)} | L22: {=IF(ISERR(SUM(_xlfn._xlws.FILTER(RAW_DATA!$F:$F,EXACT(_xlfn._xlws.FILTER(CONCATENATE(RAW_DATA!$A:$A,RAW_DATA!$B:$B,RAW_DATA!$C:$C),1),$A22)*(RAW_DATA!U:U=1)))/$C22),"",SUM(_xlfn._xlws.FILTER(RAW_DATA!$F:$F,EXACT(_xlfn._xlws.FILTER(CONCATENATE(RAW_DATA!$A:$A,RAW_DATA!$B:$B,RAW_DATA!$C:$C),1),$A22)*(RAW_DATA!U:U=1)))/$C22)} | M22: {=IF(ISERR(SUM(_xlfn._xlws.FILTER(RAW_DATA!$F:$F,EXACT(_xlfn._xlws.FILTER(CONCATENATE(RAW_DATA!$A:$A,RAW_DATA!$B:$B,RAW_DATA!$C:$C),1),$A22)*(RAW_DATA!V:V=1)))/$D22),"",SUM(_xlfn._xlws.FILTER(RAW_DATA!$F:$F,EXACT(_xlfn._xlws.FILTER(CONCATENATE(RAW_DATA!$A:$A,RAW_DATA!$B:$B,RAW_DATA!$C:$C),1),$A22)*(RAW_DATA!V:V=1)))/$D22)} | N22: {=IF(ISERR(SUM(_xlfn._xlws.FILTER(RAW_DATA!G:G,EXACT(_xlfn._xlws.FILTER(CONCATENATE(RAW_DATA!$A:$A,RAW_DATA!$B:$B,RAW_DATA!$C:$C),1),$A22)*(RAW_DATA!$T:$T=1)))/$B22),"",SUM(_xlfn._xlws.FILTER(RAW_DATA!G:G,EXACT(_xlfn._xlws.FILTER(CONCATENATE(RAW_DATA!$A:$A,RAW_DATA!$B:$B,RAW_DATA!$C:$C),1),$A22)*(RAW_DATA!$T:$T=1)))/$B22)} | O22: {=IF(ISERR(SUM(_xlfn._xlws.FILTER(RAW_DATA!H:H,EXACT(_xlfn._xlws.FILTER(CONCATENATE(RAW_DATA!$A:$A,RAW_DATA!$B:$B,RAW_DATA!$C:$C),1),$A22)*(RAW_DATA!$T:$T=1)))/$B22),"",SUM(_xlfn._xlws.FILTER(RAW_DATA!H:H,EXACT(_xlfn._xlws.FILTER(CONCATENATE(RAW_DATA!$A:$A,RAW_DATA!$B:$B,RAW_DATA!$C:$C),1),$A22)*(RAW_DATA!$T:$T=1)))/$B22)} | P22: {=IF(ISERR(SUM(_xlfn._xlws.FILTER(RAW_DATA!I:I,EXACT(_xlfn._xlws.FILTER(CONCATENATE(RAW_DATA!$A:$A,RAW_DATA!$B:$B,RAW_DATA!$C:$C),1),$A22)*(RAW_DATA!$T:$T=1)))/$B22),"",SUM(_xlfn._xlws.FILTER(RAW_DATA!I:I,EXACT(_xlfn._xlws.FILTER(CONCATENATE(RAW_DATA!$A:$A,RAW_DATA!$B:$B,RAW_DATA!$C:$C),1),$A22)*(RAW_DATA!$T:$T=1)))/$B22)} | Q22: {=IF(ISERR(SUM(_xlfn._xlws.FILTER(RAW_DATA!J:J,EXACT(_xlfn._xlws.FILTER(CONCATENATE(RAW_DATA!$A:$A,RAW_DATA!$B:$B,RAW_DATA!$C:$C),1),$A22)*(RAW_DATA!$T:$T=1)))/$B22),"",SUM(_xlfn._xlws.FILTER(RAW_DATA!J:J,EXACT(_xlfn._xlws.FILTER(CONCATENATE(RAW_DATA!$A:$A,RAW_DATA!$B:$B,RAW_DATA!$C:$C),1),$A22)*(RAW_DATA!$T:$T=1)))/$B22)} | R22: {=IF(ISERR(SUM(_xlfn._xlws.FILTER(RAW_DATA!K:K,EXACT(_xlfn._xlws.FILTER(CONCATENATE(RAW_DATA!$A:$A,RAW_DATA!$B:$B,RAW_DATA!$C:$C),1),$A22)*(RAW_DATA!$T:$T=1)))/$B22),"",SUM(_xlfn._xlws.FILTER(RAW_DATA!K:K,EXACT(_xlfn._xlws.FILTER(CONCATENATE(RAW_DATA!$A:$A,RAW_DATA!$B:$B,RAW_DATA!$C:$C),1),$A22)*(RAW_DATA!$T:$T=1)))/$B22)} | S22: {=IF(ISERR(SUM(_xlfn._xlws.FILTER(RAW_DATA!L:L,EXACT(_xlfn._xlws.FILTER(CONCATENATE(RAW_DATA!$A:$A,RAW_DATA!$B:$B,RAW_DATA!$C:$C),1),$A22)*(RAW_DATA!$T:$T=1)))/$B22),"",SUM(_xlfn._xlws.FILTER(RAW_DATA!L:L,EXACT(_xlfn._xlws.FILTER(CONCATENATE(RAW_DATA!$A:$A,RAW_DATA!$B:$B,RAW_DATA!$C:$C),1),$A22)*(RAW_DATA!$T:$T=1)))/$B22)} | T22: {=IF(ISERR(SUM(_xlfn._xlws.FILTER(RAW_DATA!M:M,EXACT(_xlfn._xlws.FILTER(CONCATENATE(RAW_DATA!$A:$A,RAW_DATA!$B:$B,RAW_DATA!$C:$C),1),$A22)*(RAW_DATA!$V:$V=1)))/$D22),"",SUM(_xlfn._xlws.FILTER(RAW_DATA!M:M,EXACT(_xlfn._xlws.FILTER(CONCATENATE(RAW_DATA!$A:$A,RAW_DATA!$B:$B,RAW_DATA!$C:$C),1),$A22)*(RAW_DATA!$V:$V=1)))/$D22)} | U22: {=IF(ISERR(SUM(_xlfn._xlws.FILTER(RAW_DATA!N:N,EXACT(_xlfn._xlws.FILTER(CONCATENATE(RAW_DATA!$A:$A,RAW_DATA!$B:$B,RAW_DATA!$C:$C),1),$A22)*(RAW_DATA!$V:$V=1)))/$D22),"",SUM(_xlfn._xlws.FILTER(RAW_DATA!N:N,EXACT(_xlfn._xlws.FILTER(CONCATENATE(RAW_DATA!$A:$A,RAW_DATA!$B:$B,RAW_DATA!$C:$C),1),$A22)*(RAW_DATA!$V:$V=1)))/$D22)} | V22: {=IF(ISERR(SUM(_xlfn._xlws.FILTER(RAW_DATA!O:O,EXACT(_xlfn._xlws.FILTER(CONCATENATE(RAW_DATA!$A:$A,RAW_DATA!$B:$B,RAW_DATA!$C:$C),1),$A22)*(RAW_DATA!$V:$V=1)))/$D22),"",SUM(_xlfn._xlws.FILTER(RAW_DATA!O:O,EXACT(_xlfn._xlws.FILTER(CONCATENATE(RAW_DATA!$A:$A,RAW_DATA!$B:$B,RAW_DATA!$C:$C),1),$A22)*(RAW_DATA!$V:$V=1)))/$D22)} | W22: {=IF(ISERR(SUM(_xlfn._xlws.FILTER(RAW_DATA!P:P,EXACT(_xlfn._xlws.FILTER(CONCATENATE(RAW_DATA!$A:$A,RAW_DATA!$B:$B,RAW_DATA!$C:$C),1),$A22)*(RAW_DATA!$V:$V=1)))/$D22),"",SUM(_xlfn._xlws.FILTER(RAW_DATA!P:P,EXACT(_xlfn._xlws.FILTER(CONCATENATE(RAW_DATA!$A:$A,RAW_DATA!$B:$B,RAW_DATA!$C:$C),1),$A22)*(RAW_DATA!$V:$V=1)))/$D22)} | X22: {=IF(ISERR(SUM(_xlfn._xlws.FILTER(RAW_DATA!Q:Q,EXACT(_xlfn._xlws.FILTER(CONCATENATE(RAW_DATA!$A:$A,RAW_DATA!$B:$B,RAW_DATA!$C:$C),1),$A22)*(RAW_DATA!$V:$V=1)))/$D22),"",SUM(_xlfn._xlws.FILTER(RAW_DATA!Q:Q,EXACT(_xlfn._xlws.FILTER(CONCATENATE(RAW_DATA!$A:$A,RAW_DATA!$B:$B,RAW_DATA!$C:$C),1),$A22)*(RAW_DATA!$V:$V=1)))/$D22)} | Y22: {=IF(ISERR(SUM(_xlfn._xlws.FILTER(RAW_DATA!R:R,EXACT(_xlfn._xlws.FILTER(CONCATENATE(RAW_DATA!$A:$A,RAW_DATA!$B:$B,RAW_DATA!$C:$C),1),$A22)*(RAW_DATA!$V:$V=1)))/$D22),"",SUM(_xlfn._xlws.FILTER(RAW_DATA!R:R,EXACT(_xlfn._xlws.FILTER(CONCATENATE(RAW_DATA!$A:$A,RAW_DATA!$B:$B,RAW_DATA!$C:$C),1),$A22)*(RAW_DATA!$V:$V=1)))/$D22)} | Z22: {=IF(ISERR(SUM(_xlfn._xlws.FILTER(RAW_DATA!S:S,EXACT(_xlfn._xlws.FILTER(CONCATENATE(RAW_DATA!$A:$A,RAW_DATA!$B:$B,RAW_DATA!$C:$C),1),$A22)*(RAW_DATA!$V:$V=1)))/$D22),"",SUM(_xlfn._xlws.FILTER(RAW_DATA!S:S,EXACT(_xlfn._xlws.FILTER(CONCATENATE(RAW_DATA!$A:$A,RAW_DATA!$B:$B,RAW_DATA!$C:$C),1),$A22)*(RAW_DATA!$V:$V=1)))/$D22)}
B23: {=IF(ISERR(SUM(_xlfn._xlws.FILTER(RAW_DATA!$T:$T,EXACT(_xlfn._xlws.FILTER(CONCATENATE(RAW_DATA!$A:$A,RAW_DATA!$B:$B,RAW_DATA!$C:$C),1),$A23)))),"",SUM(_xlfn._xlws.FILTER(RAW_DATA!$T:$T,EXACT(_xlfn._xlws.FILTER(CONCATENATE(RAW_DATA!$A:$A,RAW_DATA!$B:$B,RAW_DATA!$C:$C),1),$A23))))} -> 0 | C23: {=IF(ISERR(SUM(_xlfn._xlws.FILTER(RAW_DATA!$U:$U,EXACT(_xlfn._xlws.FILTER(CONCATENATE(RAW_DATA!$A:$A,RAW_DATA!$B:$B,RAW_DATA!$C:$C),1),$A23)))),"",SUM(_xlfn._xlws.FILTER(RAW_DATA!$U:$U,EXACT(_xlfn._xlws.FILTER(CONCATENATE(RAW_DATA!$A:$A,RAW_DATA!$B:$B,RAW_DATA!$C:$C),1),$A23))))} -> 0 | D23: {=IF(ISERR(SUM(_xlfn._xlws.FILTER(RAW_DATA!$V:$V,EXACT(_xlfn._xlws.FILTER(CONCATENATE(RAW_DATA!$A:$A,RAW_DATA!$B:$B,RAW_DATA!$C:$C),1),$A23)))),"",SUM(_xlfn._xlws.FILTER(RAW_DATA!$V:$V,EXACT(_xlfn._xlws.FILTER(CONCATENATE(RAW_DATA!$A:$A,RAW_DATA!$B:$B,RAW_DATA!$C:$C),1),$A23))))} -> 0 | E23: {=IF(ISERR(SUM(_xlfn._xlws.FILTER(RAW_DATA!$X:$X,EXACT(_xlfn._xlws.FILTER(CONCATENATE(RAW_DATA!$A:$A,RAW_DATA!$B:$B,RAW_DATA!$C:$C),1),$A23)*(RAW_DATA!$T:$T=1)))/$B23),"",SUM(_xlfn._xlws.FILTER(RAW_DATA!$X:$X,EXACT(_xlfn._xlws.FILTER(CONCATENATE(RAW_DATA!$A:$A,RAW_DATA!$B:$B,RAW_DATA!$C:$C),1),$A23)*(RAW_DATA!$T:$T=1)))/$B23)} | F23: {=IF(ISERR(SUM(_xlfn._xlws.FILTER(RAW_DATA!$Y:$Y,EXACT(_xlfn._xlws.FILTER(CONCATENATE(RAW_DATA!$A:$A,RAW_DATA!$B:$B,RAW_DATA!$C:$C),1),$A23)*(RAW_DATA!$U:$U=1)))/$C23),"",SUM(_xlfn._xlws.FILTER(RAW_DATA!$Y:$Y,EXACT(_xlfn._xlws.FILTER(CONCATENATE(RAW_DATA!$A:$A,RAW_DATA!$B:$B,RAW_DATA!$C:$C),1),$A23)*(RAW_DATA!$U:$U=1)))/$C23)} | G23: {=IF(ISERR(SUM(_xlfn._xlws.FILTER(RAW_DATA!$Z:$Z,EXACT(_xlfn._xlws.FILTER(CONCATENATE(RAW_DATA!$A:$A,RAW_DATA!$B:$B,RAW_DATA!$C:$C),1),$A23)*(RAW_DATA!$V:$V=1)))/$D23),"",SUM(_xlfn._xlws.FILTER(RAW_DATA!$Z:$Z,EXACT(_xlfn._xlws.FILTER(CONCATENATE(RAW_DATA!$A:$A,RAW_DATA!$B:$B,RAW_DATA!$C:$C),1),$A23)*(RAW_DATA!$V:$V=1)))/$D23)} | H23: {=IF(ISERR(SUM(_xlfn._xlws.FILTER(RAW_DATA!$E:$E,EXACT(_xlfn._xlws.FILTER(CONCATENATE(RAW_DATA!$A:$A,RAW_DATA!$B:$B,RAW_DATA!$C:$C),1),$A23)*(RAW_DATA!T:T=1)))/$B23),"",SUM(_xlfn._xlws.FILTER(RAW_DATA!$E:$E,EXACT(_xlfn._xlws.FILTER(CONCATENATE(RAW_DATA!$A:$A,RAW_DATA!$B:$B,RAW_DATA!$C:$C),1),$A23)*(RAW_DATA!T:T=1)))/$B23)} | I23: {=IF(ISERR(SUM(_xlfn._xlws.FILTER(RAW_DATA!$E:$E,EXACT(_xlfn._xlws.FILTER(CONCATENATE(RAW_DATA!$A:$A,RAW_DATA!$B:$B,RAW_DATA!$C:$C),1),$A23)*(RAW_DATA!U:U=1)))/$C23),"",SUM(_xlfn._xlws.FILTER(RAW_DATA!$E:$E,EXACT(_xlfn._xlws.FILTER(CONCATENATE(RAW_DATA!$A:$A,RAW_DATA!$B:$B,RAW_DATA!$C:$C),1),$A23)*(RAW_DATA!U:U=1)))/$C23)} | J23: {=IF(ISERR(SUM(_xlfn._xlws.FILTER(RAW_DATA!$E:$E,EXACT(_xlfn._xlws.FILTER(CONCATENATE(RAW_DATA!$A:$A,RAW_DATA!$B:$B,RAW_DATA!$C:$C),1),$A23)*(RAW_DATA!V:V=1)))/$D23),"",SUM(_xlfn._xlws.FILTER(RAW_DATA!$E:$E,EXACT(_xlfn._xlws.FILTER(CONCATENATE(RAW_DATA!$A:$A,RAW_DATA!$B:$B,RAW_DATA!$C:$C),1),$A23)*(RAW_DATA!V:V=1)))/$D23)} | K23: {=IF(ISERR(SUM(_xlfn._xlws.FILTER(RAW_DATA!$F:$F,EXACT(_xlfn._xlws.FILTER(CONCATENATE(RAW_DATA!$A:$A,RAW_DATA!$B:$B,RAW_DATA!$C:$C),1),$A23)*(RAW_DATA!T:T=1)))/$B23),"",SUM(_xlfn._xlws.FILTER(RAW_DATA!$F:$F,EXACT(_xlfn._xlws.FILTER(CONCATENATE(RAW_DATA!$A:$A,RAW_DATA!$B:$B,RAW_DATA!$C:$C),1),$A23)*(RAW_DATA!T:T=1)))/$B23)} | L23: {=IF(ISERR(SUM(_xlfn._xlws.FILTER(RAW_DATA!$F:$F,EXACT(_xlfn._xlws.FILTER(CONCATENATE(RAW_DATA!$A:$A,RAW_DATA!$B:$B,RAW_DATA!$C:$C),1),$A23)*(RAW_DATA!U:U=1)))/$C23),"",SUM(_xlfn._xlws.FILTER(RAW_DATA!$F:$F,EXACT(_xlfn._xlws.FILTER(CONCATENATE(RAW_DATA!$A:$A,RAW_DATA!$B:$B,RAW_DATA!$C:$C),1),$A23)*(RAW_DATA!U:U=1)))/$C23)} | M23: {=IF(ISERR(SUM(_xlfn._xlws.FILTER(RAW_DATA!$F:$F,EXACT(_xlfn._xlws.FILTER(CONCATENATE(RAW_DATA!$A:$A,RAW_DATA!$B:$B,RAW_DATA!$C:$C),1),$A23)*(RAW_DATA!V:V=1)))/$D23),"",SUM(_xlfn._xlws.FILTER(RAW_DATA!$F:$F,EXACT(_xlfn._xlws.FILTER(CONCATENATE(RAW_DATA!$A:$A,RAW_DATA!$B:$B,RAW_DATA!$C:$C),1),$A23)*(RAW_DATA!V:V=1)))/$D23)} | N23: {=IF(ISERR(SUM(_xlfn._xlws.FILTER(RAW_DATA!G:G,EXACT(_xlfn._xlws.FILTER(CONCATENATE(RAW_DATA!$A:$A,RAW_DATA!$B:$B,RAW_DATA!$C:$C),1),$A23)*(RAW_DATA!$T:$T=1)))/$B23),"",SUM(_xlfn._xlws.FILTER(RAW_DATA!G:G,EXACT(_xlfn._xlws.FILTER(CONCATENATE(RAW_DATA!$A:$A,RAW_DATA!$B:$B,RAW_DATA!$C:$C),1),$A23)*(RAW_DATA!$T:$T=1)))/$B23)} | O23: {=IF(ISERR(SUM(_xlfn._xlws.FILTER(RAW_DATA!H:H,EXACT(_xlfn._xlws.FILTER(CONCATENATE(RAW_DATA!$A:$A,RAW_DATA!$B:$B,RAW_DATA!$C:$C),1),$A23)*(RAW_DATA!$T:$T=1)))/$B23),"",SUM(_xlfn._xlws.FILTER(RAW_DATA!H:H,EXACT(_xlfn._xlws.FILTER(CONCATENATE(RAW_DATA!$A:$A,RAW_DATA!$B:$B,RAW_DATA!$C:$C),1),$A23)*(RAW_DATA!$T:$T=1)))/$B23)} | P23: {=IF(ISERR(SUM(_xlfn._xlws.FILTER(RAW_DATA!I:I,EXACT(_xlfn._xlws.FILTER(CONCATENATE(RAW_DATA!$A:$A,RAW_DATA!$B:$B,RAW_DATA!$C:$C),1),$A23)*(RAW_DATA!$T:$T=1)))/$B23),"",SUM(_xlfn._xlws.FILTER(RAW_DATA!I:I,EXACT(_xlfn._xlws.FILTER(CONCATENATE(RAW_DATA!$A:$A,RAW_DATA!$B:$B,RAW_DATA!$C:$C),1),$A23)*(RAW_DATA!$T:$T=1)))/$B23)} | Q23: {=IF(ISERR(SUM(_xlfn._xlws.FILTER(RAW_DATA!J:J,EXACT(_xlfn._xlws.FILTER(CONCATENATE(RAW_DATA!$A:$A,RAW_DATA!$B:$B,RAW_DATA!$C:$C),1),$A23)*(RAW_DATA!$T:$T=1)))/$B23),"",SUM(_xlfn._xlws.FILTER(RAW_DATA!J:J,EXACT(_xlfn._xlws.FILTER(CONCATENATE(RAW_DATA!$A:$A,RAW_DATA!$B:$B,RAW_DATA!$C:$C),1),$A23)*(RAW_DATA!$T:$T=1)))/$B23)} | R23: {=IF(ISERR(SUM(_xlfn._xlws.FILTER(RAW_DATA!K:K,EXACT(_xlfn._xlws.FILTER(CONCATENATE(RAW_DATA!$A:$A,RAW_DATA!$B:$B,RAW_DATA!$C:$C),1),$A23)*(RAW_DATA!$T:$T=1)))/$B23),"",SUM(_xlfn._xlws.FILTER(RAW_DATA!K:K,EXACT(_xlfn._xlws.FILTER(CONCATENATE(RAW_DATA!$A:$A,RAW_DATA!$B:$B,RAW_DATA!$C:$C),1),$A23)*(RAW_DATA!$T:$T=1)))/$B23)} | S23: {=IF(ISERR(SUM(_xlfn._xlws.FILTER(RAW_DATA!L:L,EXACT(_xlfn._xlws.FILTER(CONCATENATE(RAW_DATA!$A:$A,RAW_DATA!$B:$B,RAW_DATA!$C:$C),1),$A23)*(RAW_DATA!$T:$T=1)))/$B23),"",SUM(_xlfn._xlws.FILTER(RAW_DATA!L:L,EXACT(_xlfn._xlws.FILTER(CONCATENATE(RAW_DATA!$A:$A,RAW_DATA!$B:$B,RAW_DATA!$C:$C),1),$A23)*(RAW_DATA!$T:$T=1)))/$B23)} | T23: {=IF(ISERR(SUM(_xlfn._xlws.FILTER(RAW_DATA!M:M,EXACT(_xlfn._xlws.FILTER(CONCATENATE(RAW_DATA!$A:$A,RAW_DATA!$B:$B,RAW_DATA!$C:$C),1),$A23)*(RAW_DATA!$V:$V=1)))/$D23),"",SUM(_xlfn._xlws.FILTER(RAW_DATA!M:M,EXACT(_xlfn._xlws.FILTER(CONCATENATE(RAW_DATA!$A:$A,RAW_DATA!$B:$B,RAW_DATA!$C:$C),1),$A23)*(RAW_DATA!$V:$V=1)))/$D23)} | U23: {=IF(ISERR(SUM(_xlfn._xlws.FILTER(RAW_DATA!N:N,EXACT(_xlfn._xlws.FILTER(CONCATENATE(RAW_DATA!$A:$A,RAW_DATA!$B:$B,RAW_DATA!$C:$C),1),$A23)*(RAW_DATA!$V:$V=1)))/$D23),"",SUM(_xlfn._xlws.FILTER(RAW_DATA!N:N,EXACT(_xlfn._xlws.FILTER(CONCATENATE(RAW_DATA!$A:$A,RAW_DATA!$B:$B,RAW_DATA!$C:$C),1),$A23)*(RAW_DATA!$V:$V=1)))/$D23)} | V23: {=IF(ISERR(SUM(_xlfn._xlws.FILTER(RAW_DATA!O:O,EXACT(_xlfn._xlws.FILTER(CONCATENATE(RAW_DATA!$A:$A,RAW_DATA!$B:$B,RAW_DATA!$C:$C),1),$A23)*(RAW_DATA!$V:$V=1)))/$D23),"",SUM(_xlfn._xlws.FILTER(RAW_DATA!O:O,EXACT(_xlfn._xlws.FILTER(CONCATENATE(RAW_DATA!$A:$A,RAW_DATA!$B:$B,RAW_DATA!$C:$C),1),$A23)*(RAW_DATA!$V:$V=1)))/$D23)} | W23: {=IF(ISERR(SUM(_xlfn._xlws.FILTER(RAW_DATA!P:P,EXACT(_xlfn._xlws.FILTER(CONCATENATE(RAW_DATA!$A:$A,RAW_DATA!$B:$B,RAW_DATA!$C:$C),1),$A23)*(RAW_DATA!$V:$V=1)))/$D23),"",SUM(_xlfn._xlws.FILTER(RAW_DATA!P:P,EXACT(_xlfn._xlws.FILTER(CONCATENATE(RAW_DATA!$A:$A,RAW_DATA!$B:$B,RAW_DATA!$C:$C),1),$A23)*(RAW_DATA!$V:$V=1)))/$D23)} | X23: {=IF(ISERR(SUM(_xlfn._xlws.FILTER(RAW_DATA!Q:Q,EXACT(_xlfn._xlws.FILTER(CONCATENATE(RAW_DATA!$A:$A,RAW_DATA!$B:$B,RAW_DATA!$C:$C),1),$A23)*(RAW_DATA!$V:$V=1)))/$D23),"",SUM(_xlfn._xlws.FILTER(RAW_DATA!Q:Q,EXACT(_xlfn._xlws.FILTER(CONCATENATE(RAW_DATA!$A:$A,RAW_DATA!$B:$B,RAW_DATA!$C:$C),1),$A23)*(RAW_DATA!$V:$V=1)))/$D23)} | Y23: {=IF(ISERR(SUM(_xlfn._xlws.FILTER(RAW_DATA!R:R,EXACT(_xlfn._xlws.FILTER(CONCATENATE(RAW_DATA!$A:$A,RAW_DATA!$B:$B,RAW_DATA!$C:$C),1),$A23)*(RAW_DATA!$V:$V=1)))/$D23),"",SUM(_xlfn._xlws.FILTER(RAW_DATA!R:R,EXACT(_xlfn._xlws.FILTER(CONCATENATE(RAW_DATA!$A:$A,RAW_DATA!$B:$B,RAW_DATA!$C:$C),1),$A23)*(RAW_DATA!$V:$V=1)))/$D23)} | Z23: {=IF(ISERR(SUM(_xlfn._xlws.FILTER(RAW_DATA!S:S,EXACT(_xlfn._xlws.FILTER(CONCATENATE(RAW_DATA!$A:$A,RAW_DATA!$B:$B,RAW_DATA!$C:$C),1),$A23)*(RAW_DATA!$V:$V=1)))/$D23),"",SUM(_xlfn._xlws.FILTER(RAW_DATA!S:S,EXACT(_xlfn._xlws.FILTER(CONCATENATE(RAW_DATA!$A:$A,RAW_DATA!$B:$B,RAW_DATA!$C:$C),1),$A23)*(RAW_DATA!$V:$V=1)))/$D23)}
B24: {=IF(ISERR(SUM(_xlfn._xlws.FILTER(RAW_DATA!$T:$T,EXACT(_xlfn._xlws.FILTER(CONCATENATE(RAW_DATA!$A:$A,RAW_DATA!$B:$B,RAW_DATA!$C:$C),1),$A24)))),"",SUM(_xlfn._xlws.FILTER(RAW_DATA!$T:$T,EXACT(_xlfn._xlws.FILTER(CONCATENATE(RAW_DATA!$A:$A,RAW_DATA!$B:$B,RAW_DATA!$C:$C),1),$A24))))} -> 0 | C24: {=IF(ISERR(SUM(_xlfn._xlws.FILTER(RAW_DATA!$U:$U,EXACT(_xlfn._xlws.FILTER(CONCATENATE(RAW_DATA!$A:$A,RAW_DATA!$B:$B,RAW_DATA!$C:$C),1),$A24)))),"",SUM(_xlfn._xlws.FILTER(RAW_DATA!$U:$U,EXACT(_xlfn._xlws.FILTER(CONCATENATE(RAW_DATA!$A:$A,RAW_DATA!$B:$B,RAW_DATA!$C:$C),1),$A24))))} -> 0 | D24: {=IF(ISERR(SUM(_xlfn._xlws.FILTER(RAW_DATA!$V:$V,EXACT(_xlfn._xlws.FILTER(CONCATENATE(RAW_DATA!$A:$A,RAW_DATA!$B:$B,RAW_DATA!$C:$C),1),$A24)))),"",SUM(_xlfn._xlws.FILTER(RAW_DATA!$V:$V,EXACT(_xlfn._xlws.FILTER(CONCATENATE(RAW_DATA!$A:$A,RAW_DATA!$B:$B,RAW_DATA!$C:$C),1),$A24))))} -> 0 | E24: {=IF(ISERR(SUM(_xlfn._xlws.FILTER(RAW_DATA!$X:$X,EXACT(_xlfn._xlws.FILTER(CONCATENATE(RAW_DATA!$A:$A,RAW_DATA!$B:$B,RAW_DATA!$C:$C),1),$A24)*(RAW_DATA!$T:$T=1)))/$B24),"",SUM(_xlfn._xlws.FILTER(RAW_DATA!$X:$X,EXACT(_xlfn._xlws.FILTER(CONCATENATE(RAW_DATA!$A:$A,RAW_DATA!$B:$B,RAW_DATA!$C:$C),1),$A24)*(RAW_DATA!$T:$T=1)))/$B24)} | F24: {=IF(ISERR(SUM(_xlfn._xlws.FILTER(RAW_DATA!$Y:$Y,EXACT(_xlfn._xlws.FILTER(CONCATENATE(RAW_DATA!$A:$A,RAW_DATA!$B:$B,RAW_DATA!$C:$C),1),$A24)*(RAW_DATA!$U:$U=1)))/$C24),"",SUM(_xlfn._xlws.FILTER(RAW_DATA!$Y:$Y,EXACT(_xlfn._xlws.FILTER(CONCATENATE(RAW_DATA!$A:$A,RAW_DATA!$B:$B,RAW_DATA!$C:$C),1),$A24)*(RAW_DATA!$U:$U=1)))/$C24)} | G24: {=IF(ISERR(SUM(_xlfn._xlws.FILTER(RAW_DATA!$Z:$Z,EXACT(_xlfn._xlws.FILTER(CONCATENATE(RAW_DATA!$A:$A,RAW_DATA!$B:$B,RAW_DATA!$C:$C),1),$A24)*(RAW_DATA!$V:$V=1)))/$D24),"",SUM(_xlfn._xlws.FILTER(RAW_DATA!$Z:$Z,EXACT(_xlfn._xlws.FILTER(CONCATENATE(RAW_DATA!$A:$A,RAW_DATA!$B:$B,RAW_DATA!$C:$C),1),$A24)*(RAW_DATA!$V:$V=1)))/$D24)} | H24: {=IF(ISERR(SUM(_xlfn._xlws.FILTER(RAW_DATA!$E:$E,EXACT(_xlfn._xlws.FILTER(CONCATENATE(RAW_DATA!$A:$A,RAW_DATA!$B:$B,RAW_DATA!$C:$C),1),$A24)*(RAW_DATA!T:T=1)))/$B24),"",SUM(_xlfn._xlws.FILTER(RAW_DATA!$E:$E,EXACT(_xlfn._xlws.FILTER(CONCATENATE(RAW_DATA!$A:$A,RAW_DATA!$B:$B,RAW_DATA!$C:$C),1),$A24)*(RAW_DATA!T:T=1)))/$B24)} | I24: {=IF(ISERR(SUM(_xlfn._xlws.FILTER(RAW_DATA!$E:$E,EXACT(_xlfn._xlws.FILTER(CONCATENATE(RAW_DATA!$A:$A,RAW_DATA!$B:$B,RAW_DATA!$C:$C),1),$A24)*(RAW_DATA!U:U=1)))/$C24),"",SUM(_xlfn._xlws.FILTER(RAW_DATA!$E:$E,EXACT(_xlfn._xlws.FILTER(CONCATENATE(RAW_DATA!$A:$A,RAW_DATA!$B:$B,RAW_DATA!$C:$C),1),$A24)*(RAW_DATA!U:U=1)))/$C24)} | J24: {=IF(ISERR(SUM(_xlfn._xlws.FILTER(RAW_DATA!$E:$E,EXACT(_xlfn._xlws.FILTER(CONCATENATE(RAW_DATA!$A:$A,RAW_DATA!$B:$B,RAW_DATA!$C:$C),1),$A24)*(RAW_DATA!V:V=1)))/$D24),"",SUM(_xlfn._xlws.FILTER(RAW_DATA!$E:$E,EXACT(_xlfn._xlws.FILTER(CONCATENATE(RAW_DATA!$A:$A,RAW_DATA!$B:$B,RAW_DATA!$C:$C),1),$A24)*(RAW_DATA!V:V=1)))/$D24)} | K24: {=IF(ISERR(SUM(_xlfn._xlws.FILTER(RAW_DATA!$F:$F,EXACT(_xlfn._xlws.FILTER(CONCATENATE(RAW_DATA!$A:$A,RAW_DATA!$B:$B,RAW_DATA!$C:$C),1),$A24)*(RAW_DATA!T:T=1)))/$B24),"",SUM(_xlfn._xlws.FILTER(RAW_DATA!$F:$F,EXACT(_xlfn._xlws.FILTER(CONCATENATE(RAW_DATA!$A:$A,RAW_DATA!$B:$B,RAW_DATA!$C:$C),1),$A24)*(RAW_DATA!T:T=1)))/$B24)} | L24: {=IF(ISERR(SUM(_xlfn._xlws.FILTER(RAW_DATA!$F:$F,EXACT(_xlfn._xlws.FILTER(CONCATENATE(RAW_DATA!$A:$A,RAW_DATA!$B:$B,RAW_DATA!$C:$C),1),$A24)*(RAW_DATA!U:U=1)))/$C24),"",SUM(_xlfn._xlws.FILTER(RAW_DATA!$F:$F,EXACT(_xlfn._xlws.FILTER(CONCATENATE(RAW_DATA!$A:$A,RAW_DATA!$B:$B,RAW_DATA!$C:$C),1),$A24)*(RAW_DATA!U:U=1)))/$C24)} | M24: {=IF(ISERR(SUM(_xlfn._xlws.FILTER(RAW_DATA!$F:$F,EXACT(_xlfn._xlws.FILTER(CONCATENATE(RAW_DATA!$A:$A,RAW_DATA!$B:$B,RAW_DATA!$C:$C),1),$A24)*(RAW_DATA!V:V=1)))/$D24),"",SUM(_xlfn._xlws.FILTER(RAW_DATA!$F:$F,EXACT(_xlfn._xlws.FILTER(CONCATENATE(RAW_DATA!$A:$A,RAW_DATA!$B:$B,RAW_DATA!$C:$C),1),$A24)*(RAW_DATA!V:V=1)))/$D24)} | N24: {=IF(ISERR(SUM(_xlfn._xlws.FILTER(RAW_DATA!G:G,EXACT(_xlfn._xlws.FILTER(CONCATENATE(RAW_DATA!$A:$A,RAW_DATA!$B:$B,RAW_DATA!$C:$C),1),$A24)*(RAW_DATA!$T:$T=1)))/$B24),"",SUM(_xlfn._xlws.FILTER(RAW_DATA!G:G,EXACT(_xlfn._xlws.FILTER(CONCATENATE(RAW_DATA!$A:$A,RAW_DATA!$B:$B,RAW_DATA!$C:$C),1),$A24)*(RAW_DATA!$T:$T=1)))/$B24)} | O24: {=IF(ISERR(SUM(_xlfn._xlws.FILTER(RAW_DATA!H:H,EXACT(_xlfn._xlws.FILTER(CONCATENATE(RAW_DATA!$A:$A,RAW_DATA!$B:$B,RAW_DATA!$C:$C),1),$A24)*(RAW_DATA!$T:$T=1)))/$B24),"",SUM(_xlfn._xlws.FILTER(RAW_DATA!H:H,EXACT(_xlfn._xlws.FILTER(CONCATENATE(RAW_DATA!$A:$A,RAW_DATA!$B:$B,RAW_DATA!$C:$C),1),$A24)*(RAW_DATA!$T:$T=1)))/$B24)} | P24: {=IF(ISERR(SUM(_xlfn._xlws.FILTER(RAW_DATA!I:I,EXACT(_xlfn._xlws.FILTER(CONCATENATE(RAW_DATA!$A:$A,RAW_DATA!$B:$B,RAW_DATA!$C:$C),1),$A24)*(RAW_DATA!$T:$T=1)))/$B24),"",SUM(_xlfn._xlws.FILTER(RAW_DATA!I:I,EXACT(_xlfn._xlws.FILTER(CONCATENATE(RAW_DATA!$A:$A,RAW_DATA!$B:$B,RAW_DATA!$C:$C),1),$A24)*(RAW_DATA!$T:$T=1)))/$B24)} | Q24: {=IF(ISERR(SUM(_xlfn._xlws.FILTER(RAW_DATA!J:J,EXACT(_xlfn._xlws.FILTER(CONCATENATE(RAW_DATA!$A:$A,RAW_DATA!$B:$B,RAW_DATA!$C:$C),1),$A24)*(RAW_DATA!$T:$T=1)))/$B24),"",SUM(_xlfn._xlws.FILTER(RAW_DATA!J:J,EXACT(_xlfn._xlws.FILTER(CONCATENATE(RAW_DATA!$A:$A,RAW_DATA!$B:$B,RAW_DATA!$C:$C),1),$A24)*(RAW_DATA!$T:$T=1)))/$B24)} | R24: {=IF(ISERR(SUM(_xlfn._xlws.FILTER(RAW_DATA!K:K,EXACT(_xlfn._xlws.FILTER(CONCATENATE(RAW_DATA!$A:$A,RAW_DATA!$B:$B,RAW_DATA!$C:$C),1),$A24)*(RAW_DATA!$T:$T=1)))/$B24),"",SUM(_xlfn._xlws.FILTER(RAW_DATA!K:K,EXACT(_xlfn._xlws.FILTER(CONCATENATE(RAW_DATA!$A:$A,RAW_DATA!$B:$B,RAW_DATA!$C:$C),1),$A24)*(RAW_DATA!$T:$T=1)))/$B24)} | S24: {=IF(ISERR(SUM(_xlfn._xlws.FILTER(RAW_DATA!L:L,EXACT(_xlfn._xlws.FILTER(CONCATENATE(RAW_DATA!$A:$A,RAW_DATA!$B:$B,RAW_DATA!$C:$C),1),$A24)*(RAW_DATA!$T:$T=1)))/$B24),"",SUM(_xlfn._xlws.FILTER(RAW_DATA!L:L,EXACT(_xlfn._xlws.FILTER(CONCATENATE(RAW_DATA!$A:$A,RAW_DATA!$B:$B,RAW_DATA!$C:$C),1),$A24)*(RAW_DATA!$T:$T=1)))/$B24)} | T24: {=IF(ISERR(SUM(_xlfn._xlws.FILTER(RAW_DATA!M:M,EXACT(_xlfn._xlws.FILTER(CONCATENATE(RAW_DATA!$A:$A,RAW_DATA!$B:$B,RAW_DATA!$C:$C),1),$A24)*(RAW_DATA!$V:$V=1)))/$D24),"",SUM(_xlfn._xlws.FILTER(RAW_DATA!M:M,EXACT(_xlfn._xlws.FILTER(CONCATENATE(RAW_DATA!$A:$A,RAW_DATA!$B:$B,RAW_DATA!$C:$C),1),$A24)*(RAW_DATA!$V:$V=1)))/$D24)} | U24: {=IF(ISERR(SUM(_xlfn._xlws.FILTER(RAW_DATA!N:N,EXACT(_xlfn._xlws.FILTER(CONCATENATE(RAW_DATA!$A:$A,RAW_DATA!$B:$B,RAW_DATA!$C:$C),1),$A24)*(RAW_DATA!$V:$V=1)))/$D24),"",SUM(_xlfn._xlws.FILTER(RAW_DATA!N:N,EXACT(_xlfn._xlws.FILTER(CONCATENATE(RAW_DATA!$A:$A,RAW_DATA!$B:$B,RAW_DATA!$C:$C),1),$A24)*(RAW_DATA!$V:$V=1)))/$D24)} | V24: {=IF(ISERR(SUM(_xlfn._xlws.FILTER(RAW_DATA!O:O,EXACT(_xlfn._xlws.FILTER(CONCATENATE(RAW_DATA!$A:$A,RAW_DATA!$B:$B,RAW_DATA!$C:$C),1),$A24)*(RAW_DATA!$V:$V=1)))/$D24),"",SUM(_xlfn._xlws.FILTER(RAW_DATA!O:O,EXACT(_xlfn._xlws.FILTER(CONCATENATE(RAW_DATA!$A:$A,RAW_DATA!$B:$B,RAW_DATA!$C:$C),1),$A24)*(RAW_DATA!$V:$V=1)))/$D24)} | W24: {=IF(ISERR(SUM(_xlfn._xlws.FILTER(RAW_DATA!P:P,EXACT(_xlfn._xlws.FILTER(CONCATENATE(RAW_DATA!$A:$A,RAW_DATA!$B:$B,RAW_DATA!$C:$C),1),$A24)*(RAW_DATA!$V:$V=1)))/$D24),"",SUM(_xlfn._xlws.FILTER(RAW_DATA!P:P,EXACT(_xlfn._xlws.FILTER(CONCATENATE(RAW_DATA!$A:$A,RAW_DATA!$B:$B,RAW_DATA!$C:$C),1),$A24)*(RAW_DATA!$V:$V=1)))/$D24)} | X24: {=IF(ISERR(SUM(_xlfn._xlws.FILTER(RAW_DATA!Q:Q,EXACT(_xlfn._xlws.FILTER(CONCATENATE(RAW_DATA!$A:$A,RAW_DATA!$B:$B,RAW_DATA!$C:$C),1),$A24)*(RAW_DATA!$V:$V=1)))/$D24),"",SUM(_xlfn._xlws.FILTER(RAW_DATA!Q:Q,EXACT(_xlfn._xlws.FILTER(CONCATENATE(RAW_DATA!$A:$A,RAW_DATA!$B:$B,RAW_DATA!$C:$C),1),$A24)*(RAW_DATA!$V:$V=1)))/$D24)} | Y24: {=IF(ISERR(SUM(_xlfn._xlws.FILTER(RAW_DATA!R:R,EXACT(_xlfn._xlws.FILTER(CONCATENATE(RAW_DATA!$A:$A,RAW_DATA!$B:$B,RAW_DATA!$C:$C),1),$A24)*(RAW_DATA!$V:$V=1)))/$D24),"",SUM(_xlfn._xlws.FILTER(RAW_DATA!R:R,EXACT(_xlfn._xlws.FILTER(CONCATENATE(RAW_DATA!$A:$A,RAW_DATA!$B:$B,RAW_DATA!$C:$C),1),$A24)*(RAW_DATA!$V:$V=1)))/$D24)} | Z24: {=IF(ISERR(SUM(_xlfn._xlws.FILTER(RAW_DATA!S:S,EXACT(_xlfn._xlws.FILTER(CONCATENATE(RAW_DATA!$A:$A,RAW_DATA!$B:$B,RAW_DATA!$C:$C),1),$A24)*(RAW_DATA!$V:$V=1)))/$D24),"",SUM(_xlfn._xlws.FILTER(RAW_DATA!S:S,EXACT(_xlfn._xlws.FILTER(CONCATENATE(RAW_DATA!$A:$A,RAW_DATA!$B:$B,RAW_DATA!$C:$C),1),$A24)*(RAW_DATA!$V:$V=1)))/$D24)}
... B251: {=IF(ISERR(SUM(_xlfn._xlws.FILTER(RAW_DATA!$T:$T,EXACT(_xlfn._xlws.FILTER(CONCATENATE(RAW_DATA!$A:$A,RAW_DATA!$B:$B,RAW_DATA!$C:$C),1),$A251)))),"",SUM(_xlfn._xlws.FILTER(RAW_DATA!$T:$T,EXACT(_xlfn._xlws.FILTER(CONCATENATE(RAW_DATA!$A:$A,RAW_DATA!$B:$B,RAW_DATA!$C:$C),1),$A251))))} -> 0 | C251: {=IF(ISERR(SUM(_xlfn._xlws.FILTER(RAW_DATA!$U:$U,EXACT(_xlfn._xlws.FILTER(CONCATENATE(RAW_DATA!$A:$A,RAW_DATA!$B:$B,RAW_DATA!$C:$C),1),$A251)))),"",SUM(_xlfn._xlws.FILTER(RAW_DATA!$U:$U,EXACT(_xlfn._xlws.FILTER(CONCATENATE(RAW_DATA!$A:$A,RAW_DATA!$B:$B,RAW_DATA!$C:$C),1),$A251))))} -> 0 | D251: {=IF(ISERR(SUM(_xlfn._xlws.FILTER(RAW_DATA!$V:$V,EXACT(_xlfn._xlws.FILTER(CONCATENATE(RAW_DATA!$A:$A,RAW_DATA!$B:$B,RAW_DATA!$C:$C),1),$A251)))),"",SUM(_xlfn._xlws.FILTER(RAW_DATA!$V:$V,EXACT(_xlfn._xlws.FILTER(CONCATENATE(RAW_DATA!$A:$A,RAW_DATA!$B:$B,RAW_DATA!$C:$C),1),$A251))))} -> 0 | E251: {=IF(ISERR(SUM(_xlfn._xlws.FILTER(RAW_DATA!$X:$X,EXACT(_xlfn._xlws.FILTER(CONCATENATE(RAW_DATA!$A:$A,RAW_DATA!$B:$B,RAW_DATA!$C:$C),1),$A251)*(RAW_DATA!$T:$T=1)))/$B251),"",SUM(_xlfn._xlws.FILTER(RAW_DATA!$X:$X,EXACT(_xlfn._xlws.FILTER(CONCATENATE(RAW_DATA!$A:$A,RAW_DATA!$B:$B,RAW_DATA!$C:$C),1),$A251)*(RAW_DATA!$T:$T=1)))/$B251)} | F251: {=IF(ISERR(SUM(_xlfn._xlws.FILTER(RAW_DATA!$Y:$Y,EXACT(_xlfn._xlws.FILTER(CONCATENATE(RAW_DATA!$A:$A,RAW_DATA!$B:$B,RAW_DATA!$C:$C),1),$A251)*(RAW_DATA!$U:$U=1)))/$C251),"",SUM(_xlfn._xlws.FILTER(RAW_DATA!$Y:$Y,EXACT(_xlfn._xlws.FILTER(CONCATENATE(RAW_DATA!$A:$A,RAW_DATA!$B:$B,RAW_DATA!$C:$C),1),$A251)*(RAW_DATA!$U:$U=1)))/$C251)} | G251: {=IF(ISERR(SUM(_xlfn._xlws.FILTER(RAW_DATA!$Z:$Z,EXACT(_xlfn._xlws.FILTER(CONCATENATE(RAW_DATA!$A:$A,RAW_DATA!$B:$B,RAW_DATA!$C:$C),1),$A251)*(RAW_DATA!$V:$V=1)))/$D251),"",SUM(_xlfn._xlws.FILTER(RAW_DATA!$Z:$Z,EXACT(_xlfn._xlws.FILTER(CONCATENATE(RAW_DATA!$A:$A,RAW_DATA!$B:$B,RAW_DATA!$C:$C),1),$A251)*(RAW_DATA!$V:$V=1)))/$D251)} | H251: {=IF(ISERR(SUM(_xlfn._xlws.FILTER(RAW_DATA!$E:$E,EXACT(_xlfn._xlws.FILTER(CONCATENATE(RAW_DATA!$A:$A,RAW_DATA!$B:$B,RAW_DATA!$C:$C),1),$A251)*(RAW_DATA!T:T=1)))/$B251),"",SUM(_xlfn._xlws.FILTER(RAW_DATA!$E:$E,EXACT(_xlfn._xlws.FILTER(CONCATENATE(RAW_DATA!$A:$A,RAW_DATA!$B:$B,RAW_DATA!$C:$C),1),$A251)*(RAW_DATA!T:T=1)))/$B251)} | I251: {=IF(ISERR(SUM(_xlfn._xlws.FILTER(RAW_DATA!$E:$E,EXACT(_xlfn._xlws.FILTER(CONCATENATE(RAW_DATA!$A:$A,RAW_DATA!$B:$B,RAW_DATA!$C:$C),1),$A251)*(RAW_DATA!U:U=1)))/$C251),"",SUM(_xlfn._xlws.FILTER(RAW_DATA!$E:$E,EXACT(_xlfn._xlws.FILTER(CONCATENATE(RAW_DATA!$A:$A,RAW_DATA!$B:$B,RAW_DATA!$C:$C),1),$A251)*(RAW_DATA!U:U=1)))/$C251)} | J251: {=IF(ISERR(SUM(_xlfn._xlws.FILTER(RAW_DATA!$E:$E,EXACT(_xlfn._xlws.FILTER(CONCATENATE(RAW_DATA!$A:$A,RAW_DATA!$B:$B,RAW_DATA!$C:$C),1),$A251)*(RAW_DATA!V:V=1)))/$D251),"",SUM(_xlfn._xlws.FILTER(RAW_DATA!$E:$E,EXACT(_xlfn._xlws.FILTER(CONCATENATE(RAW_DATA!$A:$A,RAW_DATA!$B:$B,RAW_DATA!$C:$C),1),$A251)*(RAW_DATA!V:V=1)))/$D251)} | K251: {=IF(ISERR(SUM(_xlfn._xlws.FILTER(RAW_DATA!$F:$F,EXACT(_xlfn._xlws.FILTER(CONCATENATE(RAW_DATA!$A:$A,RAW_DATA!$B:$B,RAW_DATA!$C:$C),1),$A251)*(RAW_DATA!T:T=1)))/$B251),"",SUM(_xlfn._xlws.FILTER(RAW_DATA!$F:$F,EXACT(_xlfn._xlws.FILTER(CONCATENATE(RAW_DATA!$A:$A,RAW_DATA!$B:$B,RAW_DATA!$C:$C),1),$A251)*(RAW_DATA!T:T=1)))/$B251)} | L251: {=IF(ISERR(SUM(_xlfn._xlws.FILTER(RAW_DATA!$F:$F,EXACT(_xlfn._xlws.FILTER(CONCATENATE(RAW_DATA!$A:$A,RAW_DATA!$B:$B,RAW_DATA!$C:$C),1),$A251)*(RAW_DATA!U:U=1)))/$C251),"",SUM(_xlfn._xlws.FILTER(RAW_DATA!$F:$F,EXACT(_xlfn._xlws.FILTER(CONCATENATE(RAW_DATA!$A:$A,RAW_DATA!$B:$B,RAW_DATA!$C:$C),1),$A251)*(RAW_DATA!U:U=1)))/$C251)} | M251: {=IF(ISERR(SUM(_xlfn._xlws.FILTER(RAW_DATA!$F:$F,EXACT(_xlfn._xlws.FILTER(CONCATENATE(RAW_DATA!$A:$A,RAW_DATA!$B:$B,RAW_DATA!$C:$C),1),$A251)*(RAW_DATA!V:V=1)))/$D251),"",SUM(_xlfn._xlws.FILTER(RAW_DATA!$F:$F,EXACT(_xlfn._xlws.FILTER(CONCATENATE(RAW_DATA!$A:$A,RAW_DATA!$B:$B,RAW_DATA!$C:$C),1),$A251)*(RAW_DATA!V:V=1)))/$D251)} | N251: {=IF(ISERR(SUM(_xlfn._xlws.FILTER(RAW_DATA!G:G,EXACT(_xlfn._xlws.FILTER(CONCATENATE(RAW_DATA!$A:$A,RAW_DATA!$B:$B,RAW_DATA!$C:$C),1),$A251)*(RAW_DATA!$T:$T=1)))/$B251),"",SUM(_xlfn._xlws.FILTER(RAW_DATA!G:G,EXACT(_xlfn._xlws.FILTER(CONCATENATE(RAW_DATA!$A:$A,RAW_DATA!$B:$B,RAW_DATA!$C:$C),1),$A251)*(RAW_DATA!$T:$T=1)))/$B251)} | O251: {=IF(ISERR(SUM(_xlfn._xlws.FILTER(RAW_DATA!H:H,EXACT(_xlfn._xlws.FILTER(CONCATENATE(RAW_DATA!$A:$A,RAW_DATA!$B:$B,RAW_DATA!$C:$C),1),$A251)*(RAW_DATA!$T:$T=1)))/$B251),"",SUM(_xlfn._xlws.FILTER(RAW_DATA!H:H,EXACT(_xlfn._xlws.FILTER(CONCATENATE(RAW_DATA!$A:$A,RAW_DATA!$B:$B,RAW_DATA!$C:$C),1),$A251)*(RAW_DATA!$T:$T=1)))/$B251)} | P251: {=IF(ISERR(SUM(_xlfn._xlws.FILTER(RAW_DATA!I:I,EXACT(_xlfn._xlws.FILTER(CONCATENATE(RAW_DATA!$A:$A,RAW_DATA!$B:$B,RAW_DATA!$C:$C),1),$A251)*(RAW_DATA!$T:$T=1)))/$B251),"",SUM(_xlfn._xlws.FILTER(RAW_DATA!I:I,EXACT(_xlfn._xlws.FILTER(CONCATENATE(RAW_DATA!$A:$A,RAW_DATA!$B:$B,RAW_DATA!$C:$C),1),$A251)*(RAW_DATA!$T:$T=1)))/$B251)} | Q251: {=IF(ISERR(SUM(_xlfn._xlws.FILTER(RAW_DATA!J:J,EXACT(_xlfn._xlws.FILTER(CONCATENATE(RAW_DATA!$A:$A,RAW_DATA!$B:$B,RAW_DATA!$C:$C),1),$A251)*(RAW_DATA!$T:$T=1)))/$B251),"",SUM(_xlfn._xlws.FILTER(RAW_DATA!J:J,EXACT(_xlfn._xlws.FILTER(CONCATENATE(RAW_DATA!$A:$A,RAW_DATA!$B:$B,RAW_DATA!$C:$C),1),$A251)*(RAW_DATA!$T:$T=1)))/$B251)} | R251: {=IF(ISERR(SUM(_xlfn._xlws.FILTER(RAW_DATA!K:K,EXACT(_xlfn._xlws.FILTER(CONCATENATE(RAW_DATA!$A:$A,RAW_DATA!$B:$B,RAW_DATA!$C:$C),1),$A251)*(RAW_DATA!$T:$T=1)))/$B251),"",SUM(_xlfn._xlws.FILTER(RAW_DATA!K:K,EXACT(_xlfn._xlws.FILTER(CONCATENATE(RAW_DATA!$A:$A,RAW_DATA!$B:$B,RAW_DATA!$C:$C),1),$A251)*(RAW_DATA!$T:$T=1)))/$B251)} | S251: {=IF(ISERR(SUM(_xlfn._xlws.FILTER(RAW_DATA!L:L,EXACT(_xlfn._xlws.FILTER(CONCATENATE(RAW_DATA!$A:$A,RAW_DATA!$B:$B,RAW_DATA!$C:$C),1),$A251)*(RAW_DATA!$T:$T=1)))/$B251),"",SUM(_xlfn._xlws.FILTER(RAW_DATA!L:L,EXACT(_xlfn._xlws.FILTER(CONCATENATE(RAW_DATA!$A:$A,RAW_DATA!$B:$B,RAW_DATA!$C:$C),1),$A251)*(RAW_DATA!$T:$T=1)))/$B251)} | T251: {=IF(ISERR(SUM(_xlfn._xlws.FILTER(RAW_DATA!M:M,EXACT(_xlfn._xlws.FILTER(CONCATENATE(RAW_DATA!$A:$A,RAW_DATA!$B:$B,RAW_DATA!$C:$C),1),$A251)*(RAW_DATA!$V:$V=1)))/$D251),"",SUM(_xlfn._xlws.FILTER(RAW_DATA!M:M,EXACT(_xlfn._xlws.FILTER(CONCATENATE(RAW_DATA!$A:$A,RAW_DATA!$B:$B,RAW_DATA!$C:$C),1),$A251)*(RAW_DATA!$V:$V=1)))/$D251)} | U251: {=IF(ISERR(SUM(_xlfn._xlws.FILTER(RAW_DATA!N:N,EXACT(_xlfn._xlws.FILTER(CONCATENATE(RAW_DATA!$A:$A,RAW_DATA!$B:$B,RAW_DATA!$C:$C),1),$A251)*(RAW_DATA!$V:$V=1)))/$D251),"",SUM(_xlfn._xlws.FILTER(RAW_DATA!N:N,EXACT(_xlfn._xlws.FILTER(CONCATENATE(RAW_DATA!$A:$A,RAW_DATA!$B:$B,RAW_DATA!$C:$C),1),$A251)*(RAW_DATA!$V:$V=1)))/$D251)} | V251: {=IF(ISERR(SUM(_xlfn._xlws.FILTER(RAW_DATA!O:O,EXACT(_xlfn._xlws.FILTER(CONCATENATE(RAW_DATA!$A:$A,RAW_DATA!$B:$B,RAW_DATA!$C:$C),1),$A251)*(RAW_DATA!$V:$V=1)))/$D251),"",SUM(_xlfn._xlws.FILTER(RAW_DATA!O:O,EXACT(_xlfn._xlws.FILTER(CONCATENATE(RAW_DATA!$A:$A,RAW_DATA!$B:$B,RAW_DATA!$C:$C),1),$A251)*(RAW_DATA!$V:$V=1)))/$D251)} | W251: {=IF(ISERR(SUM(_xlfn._xlws.FILTER(RAW_DATA!P:P,EXACT(_xlfn._xlws.FILTER(CONCATENATE(RAW_DATA!$A:$A,RAW_DATA!$B:$B,RAW_DATA!$C:$C),1),$A251)*(RAW_DATA!$V:$V=1)))/$D251),"",SUM(_xlfn._xlws.FILTER(RAW_DATA!P:P,EXACT(_xlfn._xlws.FILTER(CONCATENATE(RAW_DATA!$A:$A,RAW_DATA!$B:$B,RAW_DATA!$C:$C),1),$A251)*(RAW_DATA!$V:$V=1)))/$D251)} | X251: {=IF(ISERR(SUM(_xlfn._xlws.FILTER(RAW_DATA!Q:Q,EXACT(_xlfn._xlws.FILTER(CONCATENATE(RAW_DATA!$A:$A,RAW_DATA!$B:$B,RAW_DATA!$C:$C),1),$A251)*(RAW_DATA!$V:$V=1)))/$D251),"",SUM(_xlfn._xlws.FILTER(RAW_DATA!Q:Q,EXACT(_xlfn._xlws.FILTER(CONCATENATE(RAW_DATA!$A:$A,RAW_DATA!$B:$B,RAW_DATA!$C:$C),1),$A251)*(RAW_DATA!$V:$V=1)))/$D251)} | Y251: {=IF(ISERR(SUM(_xlfn._xlws.FILTER(RAW_DATA!R:R,EXACT(_xlfn._xlws.FILTER(CONCATENATE(RAW_DATA!$A:$A,RAW_DATA!$B:$B,RAW_DATA!$C:$C),1),$A251)*(RAW_DATA!$V:$V=1)))/$D251),"",SUM(_xlfn._xlws.FILTER(RAW_DATA!R:R,EXACT(_xlfn._xlws.FILTER(CONCATENATE(RAW_DATA!$A:$A,RAW_DATA!$B:$B,RAW_DATA!$C:$C),1),$A251)*(RAW_DATA!$V:$V=1)))/$D251)} | Z251: {=IF(ISERR(SUM(_xlfn._xlws.FILTER(RAW_DATA!S:S,EXACT(_xlfn._xlws.FILTER(CONCATENATE(RAW_DATA!$A:$A,RAW_DATA!$B:$B,RAW_DATA!$C:$C),1),$A251)*(RAW_DATA!$V:$V=1)))/$D251),"",SUM(_xlfn._xlws.FILTER(RAW_DATA!S:S,EXACT(_xlfn._xlws.FILTER(CONCATENATE(RAW_DATA!$A:$A,RAW_DATA!$B:$B,RAW_DATA!$C:$C),1),$A251)*(RAW_DATA!$V:$V=1)))/$D251)}

Sheet RAW_DATA
A1: SubjectID | B1: Study_Name | C1: Movement | D1: Movement_Index | E1: Blink_In_Transient | F1: Blink_Count | G1: Binocular_RSI | H1: Binocular_REI | I1: Binocular_RA | J1: Binocular_PVI | K1: Binocular_PV | L1: Binocular_FA | M1: Binocular_RSID | N1: Binocular_REID | O1: Binocular_RAD | P1: Binocular_PDROCI | Q1: Binocular_PDROC | R1: Binocular_FD | S1: Binocular_ID | T1: Binocular_HClass | U1: Binocular_VClass | V1: Binocular_PClass | W1: Binocular_Comments | X1: Binocular_Gain_Horizontal | Y1: Binocular_Gain_Vertical | Z1: Binocular_Gain_Pupil
A2: Control1AXN | B2: PPCSBattery | C2: 4_8_CONV_STEP | D2: 1 | E2: 0 | F2: 0 | M2: 1.758 | N2: 1.932 | O2: 0.45431 | P2: 1.832 | Q2: 3.9975 | R2: -0.089 | S2: 0 | T2: 0 | V2: 1 | X2: 1 | Y2: 1 | Z2: 20.1925
A3: Control1AXN | B3: PPCSBattery | C3: 4_8_CONV_STEP | D3: 2 | E3: 1 | F3: 1 | M3: 1.714 | N3: 2.088 | O3: 1.6016 | P3: 1.84 | Q3: 7.52008 | R3: 3.452 | S3: 0 | V3: 0 | X3: 1 | Y3: 1 | Z3: 20.1925
A4: Control1AXN | B4: PPCSBattery | C4: 4_8_CONV_STEP | D4: 3 | E4: 0 | F4: 0 | R4: -14.445 | S4: 0 | V4: 0 | X4: 1 | Y4: 1 | Z4: 20.1925
A5: Control1AXN | B5: PPCSBattery | C5: 4_8_CONV_STEP | D5: 4 | E5: 0 | F5: 0 | M5: 0.52 | N5: 1.33 | O5: 1.1885 | P5: 0.722 | Q5: 2.9344 | R5: 2.004 | S5: 0 | V5: 1 | X5: 1 | Y5: 1 | Z5: 20.1925
A6: Control1AXN | B6: PPCSBattery | C6: 4_8_CONV_STEP | D6: 5 | E6: 0 | F6: 0 | M6: 1.682 | N6: 2.744 | O6: -1.5528 | P6: 2.306 | Q6: 3.1529 | R6: 0.331 | S6: 0 | V6: 1 | X6: 1 | Y6: 1 | Z6: 20.1925
